/*******************************************************************************
 * Size: 14 px
 * Bpp: 4
 * Opts: --font C:\Users\胡嘉驹\AppData\Local\Temp\lvgelf\Montserrat-Medium.ttf -r 0x20-0x7E --font C:\Users\胡嘉驹\AppData\Local\Temp\lvgelf\FontAwesome5.woff --symbols  --font C:\Windows\Fonts\Noto Sans SC (TrueType).otf --symbols 选择故障类型取消过压欠温短路状态正常健康度循环次电芯锂离子电压电流实时趋势总发送测试空闲成功失败单体与温度极值最高最低第节报警标志注入清除透传模式波特率方向控制正在从总线接收原始最新帧字节等待卡片未插入驱动位待机文件系统挂载剩余记录已同步暂无概览存储℃ --size 14 --bpp 4 --format lvgl --no-compress --no-prefilter -o C:\Users\胡嘉驹\AppData\Local\Temp\lvgelf\lv_font_simsun_14_cjk.c
 ******************************************************************************/

#ifdef LV_LVGL_H_INCLUDE_SIMPLE
    #include "lvgl.h"
#else
    #include "../../lvgl.h"
#endif

#ifndef LV_FONT_SIMSUN_14_CJK
    #define LV_FONT_SIMSUN_14_CJK 1
#endif

#if LV_FONT_SIMSUN_14_CJK

/*-----------------
 *    BITMAPS
 *----------------*/

/*Store the image of the glyphs*/
static LV_ATTRIBUTE_LARGE_CONST const uint8_t glyph_bitmap[] = {
    /* U+0020 " " */

    /* U+0021 "!" */
    0xe, 0xa0, 0xd9, 0xd, 0x90, 0xc8, 0xc, 0x80,
    0xb7, 0xa, 0x60, 0x11, 0xb, 0x80, 0xd9,

    /* U+0022 "\"" */
    0x1f, 0x9, 0x91, 0xf0, 0x88, 0x1f, 0x8, 0x80,
    0xf0, 0x88, 0x0, 0x0, 0x0,

    /* U+0023 "#" */
    0x0, 0xd, 0x20, 0x3c, 0x0, 0x0, 0xf, 0x0,
    0x69, 0x0, 0x2f, 0xff, 0xff, 0xff, 0xf7, 0x1,
    0x5c, 0x11, 0xa6, 0x10, 0x0, 0x69, 0x0, 0xc3,
    0x0, 0x0, 0x88, 0x0, 0xd2, 0x0, 0x9f, 0xff,
    0xff, 0xff, 0xf0, 0x12, 0xc5, 0x23, 0xe2, 0x20,
    0x0, 0xd2, 0x3, 0xc0, 0x0, 0x0, 0xf0, 0x4,
    0xb0, 0x0,

    /* U+0024 "$" */
    0x0, 0x0, 0x70, 0x0, 0x0, 0x0, 0xe, 0x0,
    0x0, 0x0, 0x0, 0xe0, 0x0, 0x0, 0x19, 0xef,
    0xea, 0x30, 0xc, 0xd6, 0xe6, 0xa7, 0x2, 0xf4,
    0xe, 0x0, 0x0, 0x1f, 0x80, 0xe0, 0x0, 0x0,
    0x6f, 0xef, 0x50, 0x0, 0x0, 0x16, 0xff, 0xe5,
    0x0, 0x0, 0xe, 0xa, 0xf0, 0x1, 0x0, 0xe0,
    0x5f, 0x14, 0xf8, 0x5e, 0x6e, 0xb0, 0x5, 0xcf,
    0xfe, 0x91, 0x0, 0x0, 0xe, 0x0, 0x0, 0x0,
    0x0, 0x70, 0x0, 0x0,

    /* U+0025 "%" */
    0x8, 0xdd, 0x30, 0x0, 0xa7, 0x0, 0x4b, 0x2,
    0xd0, 0x4, 0xc0, 0x0, 0x77, 0x0, 0xd0, 0x1d,
    0x20, 0x0, 0x4b, 0x3, 0xd0, 0xa7, 0x0, 0x0,
    0x7, 0xdc, 0x34, 0xc4, 0xcc, 0x30, 0x0, 0x0,
    0x1d, 0x2d, 0x22, 0xd0, 0x0, 0x0, 0xa6, 0x3b,
    0x0, 0xb3, 0x0, 0x5, 0xc0, 0x3a, 0x0, 0xa3,
    0x0, 0x1d, 0x20, 0xd, 0x0, 0xd0, 0x0, 0xa6,
    0x0, 0x4, 0xcc, 0x40,

    /* U+0026 "&" */
    0x0, 0x4d, 0xfc, 0x30, 0x0, 0x0, 0xf7, 0x18,
    0xc0, 0x0, 0x1, 0xf2, 0x5, 0xd0, 0x0, 0x0,
    0xbb, 0x6e, 0x40, 0x0, 0x0, 0x5f, 0xf3, 0x0,
    0x0, 0x7, 0xe6, 0xdb, 0x3, 0x80, 0x2f, 0x30,
    0x1d, 0xba, 0xa0, 0x5f, 0x0, 0x1, 0xdf, 0x40,
    0x1f, 0xb4, 0x48, 0xfe, 0xc0, 0x3, 0xbf, 0xfc,
    0x40, 0xb2, 0x0, 0x0, 0x0, 0x0, 0x0,

    /* U+0027 "'" */
    0x1f, 0x1, 0xf0, 0x1f, 0x0, 0xf0, 0x0, 0x0,

    /* U+0028 "(" */
    0x3, 0xf1, 0xb, 0x90, 0xf, 0x40, 0x4f, 0x0,
    0x7d, 0x0, 0x9b, 0x0, 0xaa, 0x0, 0xaa, 0x0,
    0x9b, 0x0, 0x7d, 0x0, 0x4f, 0x0, 0xf, 0x40,
    0xb, 0x90, 0x3, 0xf1,

    /* U+0029 ")" */
    0x5e, 0x0, 0xe, 0x60, 0x8, 0xc0, 0x4, 0xf0,
    0x1, 0xf3, 0x0, 0xf5, 0x0, 0xe6, 0x0, 0xe6,
    0x0, 0xf5, 0x1, 0xf3, 0x4, 0xf0, 0x8, 0xc0,
    0xd, 0x60, 0x5e, 0x0,

    /* U+002A "*" */
    0x0, 0xa3, 0x0, 0x88, 0xa6, 0xc2, 0x9, 0xfe,
    0x40, 0x4d, 0xdd, 0xb1, 0x42, 0x93, 0x50, 0x0,
    0x52, 0x0,

    /* U+002B "+" */
    0x0, 0x4, 0x50, 0x0, 0x0, 0x8, 0xa0, 0x0,
    0x0, 0x8, 0xa0, 0x0, 0x1f, 0xff, 0xff, 0xf3,
    0x3, 0x39, 0xb3, 0x30, 0x0, 0x8, 0xa0, 0x0,
    0x0, 0x8, 0xa0, 0x0,

    /* U+002C "," */
    0x1, 0x3, 0xf6, 0x1e, 0x60, 0xe1, 0x2c, 0x0,

    /* U+002D "-" */
    0x0, 0x0, 0x3, 0xff, 0xf9, 0x3, 0x33, 0x10,

    /* U+002E "." */
    0x0, 0x3, 0xf5, 0x2e, 0x40,

    /* U+002F "/" */
    0x0, 0x0, 0xe, 0x40, 0x0, 0x4, 0xe0, 0x0,
    0x0, 0x9a, 0x0, 0x0, 0xe, 0x40, 0x0, 0x4,
    0xf0, 0x0, 0x0, 0x9a, 0x0, 0x0, 0xe, 0x40,
    0x0, 0x3, 0xf0, 0x0, 0x0, 0x9a, 0x0, 0x0,
    0xe, 0x50, 0x0, 0x3, 0xf0, 0x0, 0x0, 0x9a,
    0x0, 0x0, 0xe, 0x50, 0x0, 0x3, 0xf0, 0x0,
    0x0,

    /* U+0030 "0" */
    0x0, 0x4c, 0xfe, 0x70, 0x0, 0x4f, 0xb6, 0x8f,
    0x90, 0xd, 0xb0, 0x0, 0x5f, 0x32, 0xf4, 0x0,
    0x0, 0xe7, 0x4f, 0x20, 0x0, 0xc, 0xa4, 0xf2,
    0x0, 0x0, 0xc9, 0x2f, 0x40, 0x0, 0xe, 0x70,
    0xdb, 0x0, 0x5, 0xf2, 0x4, 0xfb, 0x68, 0xf9,
    0x0, 0x4, 0xcf, 0xe7, 0x0,

    /* U+0031 "1" */
    0xef, 0xfb, 0x44, 0xcb, 0x0, 0xab, 0x0, 0xab,
    0x0, 0xab, 0x0, 0xab, 0x0, 0xab, 0x0, 0xab,
    0x0, 0xab, 0x0, 0xab,

    /* U+0032 "2" */
    0x7, 0xdf, 0xea, 0x10, 0x8e, 0x85, 0x7e, 0xc0,
    0x1, 0x0, 0x6, 0xf1, 0x0, 0x0, 0x6, 0xf0,
    0x0, 0x0, 0xd, 0x90, 0x0, 0x0, 0xcc, 0x0,
    0x0, 0x1c, 0xc0, 0x0, 0x1, 0xdb, 0x0, 0x0,
    0x1d, 0xe5, 0x44, 0x42, 0x7f, 0xff, 0xff, 0xf9,

    /* U+0033 "3" */
    0x7f, 0xff, 0xff, 0xf0, 0x24, 0x44, 0x5f, 0x90,
    0x0, 0x0, 0xbc, 0x0, 0x0, 0x9, 0xe1, 0x0,
    0x0, 0x3f, 0xd8, 0x10, 0x0, 0x4, 0x6d, 0xd0,
    0x0, 0x0, 0x2, 0xf4, 0x10, 0x0, 0x2, 0xf4,
    0xbd, 0x75, 0x7d, 0xd0, 0x19, 0xdf, 0xea, 0x10,

    /* U+0034 "4" */
    0x0, 0x0, 0xd, 0xa0, 0x0, 0x0, 0x0, 0xac,
    0x0, 0x0, 0x0, 0x7, 0xe1, 0x0, 0x0, 0x0,
    0x4f, 0x40, 0x10, 0x0, 0x2, 0xf6, 0x0, 0xf5,
    0x0, 0x1d, 0xa0, 0x0, 0xf5, 0x0, 0x7f, 0xff,
    0xff, 0xff, 0xf3, 0x13, 0x33, 0x33, 0xf7, 0x30,
    0x0, 0x0, 0x0, 0xf5, 0x0, 0x0, 0x0, 0x0,
    0xf5, 0x0,

    /* U+0035 "5" */
    0x9, 0xff, 0xff, 0xf0, 0xa, 0xb4, 0x44, 0x40,
    0xc, 0x80, 0x0, 0x0, 0xe, 0x70, 0x0, 0x0,
    0xf, 0xff, 0xfc, 0x40, 0x3, 0x34, 0x5c, 0xf2,
    0x0, 0x0, 0x0, 0xf7, 0x10, 0x0, 0x0, 0xf7,
    0x8e, 0x85, 0x6c, 0xf1, 0x8, 0xdf, 0xfb, 0x30,

    /* U+0036 "6" */
    0x0, 0x2a, 0xef, 0xd5, 0x0, 0x3f, 0xd6, 0x57,
    0x40, 0xc, 0xc0, 0x0, 0x0, 0x2, 0xf4, 0x0,
    0x0, 0x0, 0x4f, 0x5b, 0xff, 0xa1, 0x4, 0xfe,
    0x84, 0x5d, 0xd0, 0x3f, 0x80, 0x0, 0x3f, 0x30,
    0xe8, 0x0, 0x3, 0xf2, 0x6, 0xf8, 0x45, 0xdc,
    0x0, 0x5, 0xdf, 0xe9, 0x10,

    /* U+0037 "7" */
    0x9f, 0xff, 0xff, 0xfd, 0x9d, 0x44, 0x44, 0xe9,
    0x9c, 0x0, 0x4, 0xf2, 0x0, 0x0, 0xb, 0xb0,
    0x0, 0x0, 0x2f, 0x40, 0x0, 0x0, 0xad, 0x0,
    0x0, 0x1, 0xf6, 0x0, 0x0, 0x8, 0xe0, 0x0,
    0x0, 0xe, 0x80, 0x0, 0x0, 0x6f, 0x10, 0x0,

    /* U+0038 "8" */
    0x1, 0x9e, 0xfe, 0x91, 0x0, 0xbe, 0x63, 0x6e,
    0xc0, 0xf, 0x60, 0x0, 0x6f, 0x0, 0xcc, 0x20,
    0x2b, 0xc0, 0x2, 0xef, 0xff, 0xe2, 0x0, 0xdc,
    0x42, 0x4c, 0xd0, 0x5f, 0x20, 0x0, 0x1f, 0x55,
    0xf2, 0x0, 0x2, 0xf5, 0xe, 0xd5, 0x35, 0xde,
    0x0, 0x1a, 0xef, 0xea, 0x10,

    /* U+0039 "9" */
    0x3, 0xbf, 0xea, 0x20, 0x2f, 0xa4, 0x4b, 0xe1,
    0x8e, 0x0, 0x0, 0xe9, 0x9d, 0x0, 0x0, 0xdd,
    0x4f, 0x71, 0x29, 0xff, 0x7, 0xff, 0xfc, 0x9e,
    0x0, 0x2, 0x10, 0xac, 0x0, 0x0, 0x2, 0xf6,
    0x7, 0x65, 0x8f, 0xb0, 0xa, 0xef, 0xd7, 0x0,

    /* U+003A ":" */
    0x2e, 0x53, 0xf5, 0x0, 0x0, 0x0, 0x0, 0x0,
    0x0, 0x3f, 0x52, 0xe4,

    /* U+003B ";" */
    0x2e, 0x53, 0xf5, 0x0, 0x0, 0x0, 0x0, 0x0,
    0x0, 0x2e, 0x52, 0xf6, 0xd, 0x21, 0xd0, 0x1,
    0x0,

    /* U+003C "<" */
    0x0, 0x0, 0x0, 0x31, 0x0, 0x0, 0x6c, 0xf2,
    0x1, 0x8e, 0xd6, 0x0, 0xf, 0xc3, 0x0, 0x0,
    0xa, 0xfb, 0x40, 0x0, 0x0, 0x17, 0xee, 0x70,
    0x0, 0x0, 0x5, 0xc3, 0x0, 0x0, 0x0, 0x0,

    /* U+003D "=" */
    0x1f, 0xff, 0xff, 0xf3, 0x3, 0x33, 0x33, 0x30,
    0x0, 0x0, 0x0, 0x0, 0x0, 0x0, 0x0, 0x0,
    0x1f, 0xff, 0xff, 0xf3, 0x3, 0x33, 0x33, 0x30,

    /* U+003E ">" */
    0x4, 0x0, 0x0, 0x0, 0xe, 0xd7, 0x10, 0x0,
    0x0, 0x5c, 0xf9, 0x20, 0x0, 0x0, 0x2a, 0xf2,
    0x0, 0x3, 0xaf, 0xb1, 0x6, 0xde, 0x82, 0x0,
    0x1c, 0x60, 0x0, 0x0, 0x0, 0x0, 0x0, 0x0,

    /* U+003F "?" */
    0x7, 0xdf, 0xea, 0x10, 0x9e, 0x74, 0x6e, 0xc0,
    0x1, 0x0, 0x6, 0xf0, 0x0, 0x0, 0x9, 0xc0,
    0x0, 0x0, 0x8e, 0x20, 0x0, 0x6, 0xf2, 0x0,
    0x0, 0x8, 0x70, 0x0, 0x0, 0x0, 0x0, 0x0,
    0x0, 0xb, 0x80, 0x0, 0x0, 0xc, 0x90, 0x0,

    /* U+0040 "@" */
    0x0, 0x0, 0x6c, 0xef, 0xda, 0x40, 0x0, 0x0,
    0x3d, 0xa4, 0x10, 0x16, 0xda, 0x0, 0x1, 0xe5,
    0x9, 0xee, 0x98, 0xca, 0x90, 0xa, 0x80, 0xbd,
    0x43, 0xaf, 0xc0, 0xd3, 0xf, 0x13, 0xf2, 0x0,
    0xc, 0xc0, 0x69, 0x3c, 0x6, 0xd0, 0x0, 0x7,
    0xc0, 0x3b, 0x4b, 0x6, 0xd0, 0x0, 0x7, 0xc0,
    0x2c, 0x3c, 0x3, 0xf2, 0x0, 0xc, 0xc0, 0x4a,
    0xf, 0x10, 0xbd, 0x43, 0x9e, 0xe3, 0xc5, 0xa,
    0x80, 0x9, 0xee, 0x91, 0xcf, 0x90, 0x1, 0xe5,
    0x0, 0x0, 0x0, 0x0, 0x0, 0x0, 0x3d, 0xa4,
    0x10, 0x28, 0x0, 0x0, 0x0, 0x0, 0x7c, 0xef,
    0xd9, 0x10, 0x0,

    /* U+0041 "A" */
    0x0, 0x0, 0xc, 0xf1, 0x0, 0x0, 0x0, 0x0,
    0x3f, 0xd7, 0x0, 0x0, 0x0, 0x0, 0xb9, 0x6e,
    0x0, 0x0, 0x0, 0x2, 0xf2, 0xe, 0x50, 0x0,
    0x0, 0x9, 0xa0, 0x7, 0xd0, 0x0, 0x0, 0x1f,
    0x30, 0x0, 0xf4, 0x0, 0x0, 0x7f, 0xff, 0xff,
    0xfb, 0x0, 0x0, 0xe7, 0x33, 0x33, 0x4f, 0x20,
    0x5, 0xf0, 0x0, 0x0, 0xc, 0x90, 0xc, 0x90,
    0x0, 0x0, 0x6, 0xf1,

    /* U+0042 "B" */
    0x8f, 0xff, 0xfe, 0xc4, 0x8, 0xe3, 0x33, 0x4b,
    0xf2, 0x8e, 0x0, 0x0, 0x1f, 0x58, 0xe0, 0x0,
    0x18, 0xf1, 0x8f, 0xff, 0xff, 0xf8, 0x8, 0xe3,
    0x33, 0x37, 0xf6, 0x8e, 0x0, 0x0, 0x9, 0xc8,
    0xe0, 0x0, 0x0, 0x9d, 0x8e, 0x33, 0x34, 0x7f,
    0x78, 0xff, 0xff, 0xfd, 0x70,

    /* U+0043 "C" */
    0x0, 0x7, 0xcf, 0xfb, 0x40, 0x0, 0xcf, 0x96,
    0x6a, 0xf5, 0xa, 0xe2, 0x0, 0x0, 0x30, 0x1f,
    0x60, 0x0, 0x0, 0x0, 0x4f, 0x20, 0x0, 0x0,
    0x0, 0x4f, 0x20, 0x0, 0x0, 0x0, 0x1f, 0x60,
    0x0, 0x0, 0x0, 0xa, 0xe2, 0x0, 0x0, 0x30,
    0x1, 0xcf, 0x96, 0x6a, 0xf5, 0x0, 0x7, 0xdf,
    0xfb, 0x40,

    /* U+0044 "D" */
    0x8f, 0xff, 0xfe, 0xa4, 0x0, 0x8e, 0x44, 0x46,
    0xcf, 0x70, 0x8e, 0x0, 0x0, 0x7, 0xf3, 0x8e,
    0x0, 0x0, 0x0, 0xda, 0x8e, 0x0, 0x0, 0x0,
    0x9d, 0x8e, 0x0, 0x0, 0x0, 0x9d, 0x8e, 0x0,
    0x0, 0x0, 0xda, 0x8e, 0x0, 0x0, 0x7, 0xf3,
    0x8e, 0x44, 0x46, 0xbf, 0x70, 0x8f, 0xff, 0xfe,
    0xa4, 0x0,

    /* U+0045 "E" */
    0x8f, 0xff, 0xff, 0xf6, 0x8e, 0x44, 0x44, 0x41,
    0x8e, 0x0, 0x0, 0x0, 0x8e, 0x0, 0x0, 0x0,
    0x8f, 0xff, 0xff, 0xc0, 0x8e, 0x33, 0x33, 0x20,
    0x8e, 0x0, 0x0, 0x0, 0x8e, 0x0, 0x0, 0x0,
    0x8e, 0x44, 0x44, 0x42, 0x8f, 0xff, 0xff, 0xf9,

    /* U+0046 "F" */
    0x8f, 0xff, 0xff, 0xf6, 0x8e, 0x44, 0x44, 0x41,
    0x8e, 0x0, 0x0, 0x0, 0x8e, 0x0, 0x0, 0x0,
    0x8e, 0x0, 0x0, 0x0, 0x8f, 0xff, 0xff, 0xc0,
    0x8e, 0x33, 0x33, 0x20, 0x8e, 0x0, 0x0, 0x0,
    0x8e, 0x0, 0x0, 0x0, 0x8e, 0x0, 0x0, 0x0,

    /* U+0047 "G" */
    0x0, 0x7, 0xcf, 0xfc, 0x50, 0x0, 0xcf, 0x96,
    0x6a, 0xf6, 0xa, 0xe2, 0x0, 0x0, 0x20, 0x1f,
    0x60, 0x0, 0x0, 0x0, 0x4f, 0x20, 0x0, 0x0,
    0x0, 0x4f, 0x20, 0x0, 0x0, 0xb9, 0x1f, 0x60,
    0x0, 0x0, 0xb9, 0xa, 0xe3, 0x0, 0x0, 0xb9,
    0x0, 0xcf, 0x96, 0x6a, 0xf8, 0x0, 0x7, 0xdf,
    0xfc, 0x60,

    /* U+0048 "H" */
    0x8e, 0x0, 0x0, 0x8, 0xe8, 0xe0, 0x0, 0x0,
    0x8e, 0x8e, 0x0, 0x0, 0x8, 0xe8, 0xe0, 0x0,
    0x0, 0x8e, 0x8f, 0xff, 0xff, 0xff, 0xe8, 0xe3,
    0x33, 0x33, 0x9e, 0x8e, 0x0, 0x0, 0x8, 0xe8,
    0xe0, 0x0, 0x0, 0x8e, 0x8e, 0x0, 0x0, 0x8,
    0xe8, 0xe0, 0x0, 0x0, 0x8e,

    /* U+0049 "I" */
    0x8e, 0x8e, 0x8e, 0x8e, 0x8e, 0x8e, 0x8e, 0x8e,
    0x8e, 0x8e,

    /* U+004A "J" */
    0x2, 0xff, 0xff, 0xc0, 0x4, 0x44, 0xbc, 0x0,
    0x0, 0x9, 0xc0, 0x0, 0x0, 0x9c, 0x0, 0x0,
    0x9, 0xc0, 0x0, 0x0, 0x9c, 0x0, 0x0, 0x9,
    0xc0, 0x20, 0x0, 0xba, 0xe, 0xb5, 0x8f, 0x60,
    0x3c, 0xfe, 0x80,

    /* U+004B "K" */
    0x8e, 0x0, 0x0, 0x4f, 0x50, 0x8e, 0x0, 0x4,
    0xf6, 0x0, 0x8e, 0x0, 0x3f, 0x70, 0x0, 0x8e,
    0x3, 0xf8, 0x0, 0x0, 0x8e, 0x2e, 0xc0, 0x0,
    0x0, 0x8e, 0xec, 0xf6, 0x0, 0x0, 0x8f, 0xb0,
    0x7f, 0x30, 0x0, 0x8e, 0x0, 0xa, 0xe1, 0x0,
    0x8e, 0x0, 0x0, 0xcc, 0x0, 0x8e, 0x0, 0x0,
    0x1e, 0xa0,

    /* U+004C "L" */
    0x8e, 0x0, 0x0, 0x0, 0x8e, 0x0, 0x0, 0x0,
    0x8e, 0x0, 0x0, 0x0, 0x8e, 0x0, 0x0, 0x0,
    0x8e, 0x0, 0x0, 0x0, 0x8e, 0x0, 0x0, 0x0,
    0x8e, 0x0, 0x0, 0x0, 0x8e, 0x0, 0x0, 0x0,
    0x8e, 0x44, 0x44, 0x40, 0x8f, 0xff, 0xff, 0xf2,

    /* U+004D "M" */
    0x8e, 0x0, 0x0, 0x0, 0x8, 0xe8, 0xf7, 0x0,
    0x0, 0x2, 0xfe, 0x8f, 0xf1, 0x0, 0x0, 0xbf,
    0xe8, 0xdc, 0xa0, 0x0, 0x4f, 0x9e, 0x8d, 0x2f,
    0x30, 0xd, 0x87, 0xe8, 0xd0, 0x9c, 0x6, 0xe0,
    0x7e, 0x8d, 0x1, 0xe7, 0xe5, 0x7, 0xe8, 0xd0,
    0x6, 0xfc, 0x0, 0x7e, 0x8d, 0x0, 0xa, 0x20,
    0x7, 0xe8, 0xd0, 0x0, 0x0, 0x0, 0x7e,

    /* U+004E "N" */
    0x8e, 0x10, 0x0, 0x8, 0xe8, 0xfc, 0x0, 0x0,
    0x8e, 0x8f, 0xf9, 0x0, 0x8, 0xe8, 0xe6, 0xf6,
    0x0, 0x8e, 0x8e, 0x9, 0xf3, 0x8, 0xe8, 0xe0,
    0xc, 0xe1, 0x8e, 0x8e, 0x0, 0x1e, 0xb8, 0xe8,
    0xe0, 0x0, 0x3f, 0xee, 0x8e, 0x0, 0x0, 0x6f,
    0xe8, 0xe0, 0x0, 0x0, 0xae,

    /* U+004F "O" */
    0x0, 0x7, 0xcf, 0xeb, 0x50, 0x0, 0x0, 0xcf,
    0x96, 0x6b, 0xf9, 0x0, 0xa, 0xe2, 0x0, 0x0,
    0x5f, 0x60, 0x1f, 0x60, 0x0, 0x0, 0xa, 0xd0,
    0x4f, 0x20, 0x0, 0x0, 0x6, 0xf0, 0x4f, 0x20,
    0x0, 0x0, 0x6, 0xf0, 0x1f, 0x60, 0x0, 0x0,
    0xa, 0xd0, 0xa, 0xe2, 0x0, 0x0, 0x5f, 0x60,
    0x0, 0xcf, 0x96, 0x6b, 0xfa, 0x0, 0x0, 0x7,
    0xdf, 0xeb, 0x50, 0x0,

    /* U+0050 "P" */
    0x8f, 0xff, 0xfd, 0x70, 0x8, 0xe4, 0x45, 0x8f,
    0xb0, 0x8e, 0x0, 0x0, 0x5f, 0x38, 0xe0, 0x0,
    0x1, 0xf5, 0x8e, 0x0, 0x0, 0x3f, 0x48, 0xe0,
    0x1, 0x4d, 0xd0, 0x8f, 0xff, 0xff, 0xb2, 0x8,
    0xe3, 0x33, 0x10, 0x0, 0x8e, 0x0, 0x0, 0x0,
    0x8, 0xe0, 0x0, 0x0, 0x0,

    /* U+0051 "Q" */
    0x0, 0x7, 0xcf, 0xeb, 0x50, 0x0, 0x0, 0xcf,
    0x96, 0x6b, 0xf9, 0x0, 0xa, 0xe2, 0x0, 0x0,
    0x5f, 0x60, 0x1f, 0x60, 0x0, 0x0, 0xa, 0xd0,
    0x4f, 0x20, 0x0, 0x0, 0x6, 0xf0, 0x4f, 0x20,
    0x0, 0x0, 0x5, 0xf0, 0x1f, 0x60, 0x0, 0x0,
    0xa, 0xd0, 0xa, 0xe2, 0x0, 0x0, 0x5f, 0x60,
    0x1, 0xdf, 0x85, 0x5a, 0xfa, 0x0, 0x0, 0x8,
    0xdf, 0xfc, 0x50, 0x0, 0x0, 0x0, 0x1, 0xec,
    0x21, 0x94, 0x0, 0x0, 0x0, 0x1b, 0xff, 0xc1,
    0x0, 0x0, 0x0, 0x0, 0x12, 0x0,

    /* U+0052 "R" */
    0x8f, 0xff, 0xfd, 0x70, 0x8, 0xe4, 0x45, 0x8f,
    0xb0, 0x8e, 0x0, 0x0, 0x5f, 0x38, 0xe0, 0x0,
    0x1, 0xf5, 0x8e, 0x0, 0x0, 0x3f, 0x38, 0xe0,
    0x1, 0x4d, 0xd0, 0x8f, 0xff, 0xff, 0xc2, 0x8,
    0xe3, 0x33, 0xda, 0x0, 0x8e, 0x0, 0x2, 0xf6,
    0x8, 0xe0, 0x0, 0x5, 0xf3,

    /* U+0053 "S" */
    0x1, 0x9e, 0xfd, 0xa2, 0x0, 0xce, 0x64, 0x6b,
    0x70, 0x2f, 0x40, 0x0, 0x0, 0x1, 0xf8, 0x0,
    0x0, 0x0, 0x6, 0xfd, 0x95, 0x0, 0x0, 0x1,
    0x6a, 0xee, 0x50, 0x0, 0x0, 0x0, 0x9f, 0x0,
    0x20, 0x0, 0x5, 0xf1, 0x3f, 0xa5, 0x47, 0xeb,
    0x0, 0x4b, 0xef, 0xe9, 0x10,

    /* U+0054 "T" */
    0xff, 0xff, 0xff, 0xff, 0x24, 0x44, 0xbd, 0x44,
    0x40, 0x0, 0x9, 0xc0, 0x0, 0x0, 0x0, 0x9c,
    0x0, 0x0, 0x0, 0x9, 0xc0, 0x0, 0x0, 0x0,
    0x9c, 0x0, 0x0, 0x0, 0x9, 0xc0, 0x0, 0x0,
    0x0, 0x9c, 0x0, 0x0, 0x0, 0x9, 0xc0, 0x0,
    0x0, 0x0, 0x9c, 0x0, 0x0,

    /* U+0055 "U" */
    0x9c, 0x0, 0x0, 0xb, 0xa9, 0xc0, 0x0, 0x0,
    0xba, 0x9c, 0x0, 0x0, 0xb, 0xa9, 0xc0, 0x0,
    0x0, 0xba, 0x9c, 0x0, 0x0, 0xb, 0xa9, 0xc0,
    0x0, 0x0, 0xba, 0x8e, 0x0, 0x0, 0xd, 0x94,
    0xf4, 0x0, 0x3, 0xf5, 0xc, 0xf8, 0x68, 0xfd,
    0x0, 0x9, 0xef, 0xe9, 0x10,

    /* U+0056 "V" */
    0xc, 0xb0, 0x0, 0x0, 0xa, 0xc0, 0x5f, 0x20,
    0x0, 0x1, 0xf5, 0x0, 0xe9, 0x0, 0x0, 0x8e,
    0x0, 0x8, 0xf0, 0x0, 0xe, 0x70, 0x0, 0x1f,
    0x60, 0x5, 0xf1, 0x0, 0x0, 0xad, 0x0, 0xc9,
    0x0, 0x0, 0x3, 0xf4, 0x3f, 0x30, 0x0, 0x0,
    0xc, 0xba, 0xc0, 0x0, 0x0, 0x0, 0x5f, 0xf5,
    0x0, 0x0, 0x0, 0x0, 0xee, 0x0, 0x0,

    /* U+0057 "W" */
    0x6f, 0x10, 0x0, 0xd, 0xb0, 0x0, 0x2, 0xf2,
    0x1f, 0x60, 0x0, 0x3f, 0xf1, 0x0, 0x8, 0xd0,
    0xb, 0xb0, 0x0, 0x8b, 0xe6, 0x0, 0xd, 0x70,
    0x6, 0xf0, 0x0, 0xe6, 0x9b, 0x0, 0x2f, 0x20,
    0x1, 0xf5, 0x3, 0xf1, 0x4f, 0x10, 0x8d, 0x0,
    0x0, 0xca, 0x9, 0xb0, 0xe, 0x60, 0xd8, 0x0,
    0x0, 0x6f, 0xe, 0x60, 0x9, 0xb2, 0xf3, 0x0,
    0x0, 0x1f, 0x9f, 0x10, 0x4, 0xf9, 0xd0, 0x0,
    0x0, 0xc, 0xfb, 0x0, 0x0, 0xef, 0x80, 0x0,
    0x0, 0x7, 0xf6, 0x0, 0x0, 0x9f, 0x30, 0x0,

    /* U+0058 "X" */
    0x4f, 0x50, 0x0, 0xd, 0x90, 0x8, 0xf2, 0x0,
    0x9d, 0x0, 0x0, 0xcc, 0x4, 0xf3, 0x0, 0x0,
    0x2f, 0x9e, 0x70, 0x0, 0x0, 0x6, 0xfc, 0x0,
    0x0, 0x0, 0x9, 0xfe, 0x10, 0x0, 0x0, 0x4f,
    0x4d, 0xb0, 0x0, 0x1, 0xe8, 0x2, 0xf7, 0x0,
    0xb, 0xd0, 0x0, 0x7f, 0x20, 0x7f, 0x20, 0x0,
    0xb, 0xd0,

    /* U+0059 "Y" */
    0xc, 0xb0, 0x0, 0x0, 0x9c, 0x0, 0x2f, 0x50,
    0x0, 0x2f, 0x30, 0x0, 0x9e, 0x0, 0xc, 0x90,
    0x0, 0x0, 0xe8, 0x5, 0xf1, 0x0, 0x0, 0x5,
    0xf3, 0xe6, 0x0, 0x0, 0x0, 0xc, 0xfd, 0x0,
    0x0, 0x0, 0x0, 0x3f, 0x40, 0x0, 0x0, 0x0,
    0x2, 0xf3, 0x0, 0x0, 0x0, 0x0, 0x2f, 0x30,
    0x0, 0x0, 0x0, 0x2, 0xf3, 0x0, 0x0,

    /* U+005A "Z" */
    0x4f, 0xff, 0xff, 0xff, 0x91, 0x44, 0x44, 0x4a,
    0xf3, 0x0, 0x0, 0x3, 0xf6, 0x0, 0x0, 0x1,
    0xea, 0x0, 0x0, 0x0, 0xcc, 0x0, 0x0, 0x0,
    0x9e, 0x10, 0x0, 0x0, 0x6f, 0x40, 0x0, 0x0,
    0x3f, 0x70, 0x0, 0x0, 0x1e, 0xd4, 0x44, 0x44,
    0x36, 0xff, 0xff, 0xff, 0xfc,

    /* U+005B "[" */
    0x8f, 0xf6, 0x8d, 0x31, 0x8d, 0x0, 0x8d, 0x0,
    0x8d, 0x0, 0x8d, 0x0, 0x8d, 0x0, 0x8d, 0x0,
    0x8d, 0x0, 0x8d, 0x0, 0x8d, 0x0, 0x8d, 0x0,
    0x8d, 0x31, 0x8f, 0xf6,

    /* U+005C "\\" */
    0x5d, 0x0, 0x0, 0x0, 0xf2, 0x0, 0x0, 0xb,
    0x80, 0x0, 0x0, 0x6d, 0x0, 0x0, 0x1, 0xf2,
    0x0, 0x0, 0xb, 0x80, 0x0, 0x0, 0x6d, 0x0,
    0x0, 0x1, 0xf2, 0x0, 0x0, 0xb, 0x70, 0x0,
    0x0, 0x6d, 0x0, 0x0, 0x1, 0xf2, 0x0, 0x0,
    0xb, 0x70, 0x0, 0x0, 0x6d, 0x0, 0x0, 0x1,
    0xf2,

    /* U+005D "]" */
    0xbf, 0xf3, 0x25, 0xf3, 0x2, 0xf3, 0x2, 0xf3,
    0x2, 0xf3, 0x2, 0xf3, 0x2, 0xf3, 0x2, 0xf3,
    0x2, 0xf3, 0x2, 0xf3, 0x2, 0xf3, 0x2, 0xf3,
    0x25, 0xf3, 0xbf, 0xf3,

    /* U+005E "^" */
    0x0, 0xad, 0x0, 0x0, 0x1e, 0xc4, 0x0, 0x8,
    0x85, 0xa0, 0x0, 0xe2, 0xe, 0x10, 0x5b, 0x0,
    0x97, 0xb, 0x50, 0x2, 0xe0,

    /* U+005F "_" */
    0xee, 0xee, 0xee, 0xe0,

    /* U+0060 "`" */
    0xb, 0xc0, 0x0, 0x9, 0xb0,

    /* U+0061 "a" */
    0x4, 0xcf, 0xea, 0x10, 0xb, 0x74, 0x5d, 0xb0,
    0x0, 0x0, 0x4, 0xf0, 0x4, 0xce, 0xee, 0xf2,
    0x1f, 0x82, 0x14, 0xf2, 0x4f, 0x10, 0x4, 0xf2,
    0x1f, 0x70, 0x3d, 0xf2, 0x4, 0xdf, 0xd7, 0xf2,

    /* U+0062 "b" */
    0xba, 0x0, 0x0, 0x0, 0xba, 0x0, 0x0, 0x0,
    0xba, 0x0, 0x0, 0x0, 0xba, 0x8e, 0xfc, 0x30,
    0xbf, 0xd5, 0x4b, 0xf3, 0xbe, 0x10, 0x0, 0xca,
    0xba, 0x0, 0x0, 0x7e, 0xba, 0x0, 0x0, 0x7e,
    0xbe, 0x10, 0x0, 0xca, 0xbf, 0xd5, 0x5b, 0xf3,
    0xb9, 0x8e, 0xfc, 0x30,

    /* U+0063 "c" */
    0x0, 0x7d, 0xfd, 0x60, 0x9, 0xf7, 0x48, 0xf4,
    0x2f, 0x50, 0x0, 0x20, 0x5f, 0x0, 0x0, 0x0,
    0x5f, 0x0, 0x0, 0x0, 0x2f, 0x50, 0x0, 0x20,
    0x9, 0xf7, 0x48, 0xf4, 0x0, 0x7d, 0xfd, 0x60,

    /* U+0064 "d" */
    0x0, 0x0, 0x0, 0x1f, 0x40, 0x0, 0x0, 0x1,
    0xf4, 0x0, 0x0, 0x0, 0x1f, 0x40, 0x8, 0xef,
    0xc4, 0xf4, 0xa, 0xf7, 0x48, 0xff, 0x42, 0xf5,
    0x0, 0x7, 0xf4, 0x5f, 0x0, 0x0, 0x2f, 0x45,
    0xf0, 0x0, 0x1, 0xf4, 0x2f, 0x50, 0x0, 0x6f,
    0x40, 0xae, 0x63, 0x7e, 0xf4, 0x0, 0x8e, 0xfc,
    0x4f, 0x40,

    /* U+0065 "e" */
    0x0, 0x8e, 0xfc, 0x40, 0xa, 0xd5, 0x38, 0xf4,
    0x2f, 0x20, 0x0, 0x8c, 0x5f, 0xee, 0xee, 0xff,
    0x5f, 0x21, 0x11, 0x11, 0x2f, 0x70, 0x0, 0x10,
    0x9, 0xf8, 0x46, 0xe4, 0x0, 0x7d, 0xfe, 0x80,

    /* U+0066 "f" */
    0x0, 0x9e, 0xe3, 0x5, 0xf4, 0x41, 0x8, 0xc0,
    0x0, 0xcf, 0xff, 0xf0, 0x29, 0xd3, 0x20, 0x8,
    0xd0, 0x0, 0x8, 0xd0, 0x0, 0x8, 0xd0, 0x0,
    0x8, 0xd0, 0x0, 0x8, 0xd0, 0x0, 0x8, 0xd0,
    0x0,

    /* U+0067 "g" */
    0x0, 0x7e, 0xfc, 0x4e, 0x60, 0xaf, 0x74, 0x7f,
    0xf6, 0x2f, 0x50, 0x0, 0x5f, 0x65, 0xf0, 0x0,
    0x0, 0xf6, 0x5f, 0x0, 0x0, 0xf, 0x62, 0xf6,
    0x0, 0x6, 0xf6, 0x9, 0xf7, 0x47, 0xff, 0x50,
    0x7, 0xef, 0xc4, 0xf5, 0x0, 0x0, 0x0, 0x3f,
    0x20, 0xcb, 0x64, 0x6e, 0xb0, 0x3, 0xae, 0xfd,
    0x80, 0x0,

    /* U+0068 "h" */
    0xba, 0x0, 0x0, 0x0, 0xba, 0x0, 0x0, 0x0,
    0xba, 0x0, 0x0, 0x0, 0xba, 0x8e, 0xfb, 0x20,
    0xbf, 0xc5, 0x6d, 0xd0, 0xbe, 0x0, 0x3, 0xf2,
    0xba, 0x0, 0x0, 0xf4, 0xba, 0x0, 0x0, 0xf5,
    0xba, 0x0, 0x0, 0xf5, 0xba, 0x0, 0x0, 0xf5,
    0xba, 0x0, 0x0, 0xf5,

    /* U+0069 "i" */
    0xba, 0xa8, 0x0, 0xba, 0xba, 0xba, 0xba, 0xba,
    0xba, 0xba, 0xba,

    /* U+006A "j" */
    0x0, 0xa, 0xb0, 0x0, 0x99, 0x0, 0x0, 0x0,
    0x0, 0xab, 0x0, 0xa, 0xb0, 0x0, 0xab, 0x0,
    0xa, 0xb0, 0x0, 0xab, 0x0, 0xa, 0xb0, 0x0,
    0xab, 0x0, 0xa, 0xb0, 0x0, 0xaa, 0x6, 0x4e,
    0x71, 0xdf, 0xa0,

    /* U+006B "k" */
    0xba, 0x0, 0x0, 0x0, 0xba, 0x0, 0x0, 0x0,
    0xba, 0x0, 0x0, 0x0, 0xba, 0x0, 0xc, 0xc0,
    0xba, 0x1, 0xcc, 0x0, 0xba, 0x1c, 0xd1, 0x0,
    0xbb, 0xcf, 0x60, 0x0, 0xbf, 0xdb, 0xe1, 0x0,
    0xbd, 0x11, 0xdc, 0x0, 0xba, 0x0, 0x3f, 0x70,
    0xba, 0x0, 0x7, 0xf3,

    /* U+006C "l" */
    0xba, 0xba, 0xba, 0xba, 0xba, 0xba, 0xba, 0xba,
    0xba, 0xba, 0xba,

    /* U+006D "m" */
    0xb9, 0x9e, 0xfa, 0x15, 0xdf, 0xd4, 0xb, 0xfb,
    0x45, 0xed, 0xe6, 0x4a, 0xf2, 0xbe, 0x0, 0x6,
    0xf6, 0x0, 0xe, 0x7b, 0xa0, 0x0, 0x4f, 0x20,
    0x0, 0xc9, 0xba, 0x0, 0x3, 0xf1, 0x0, 0xc,
    0x9b, 0xa0, 0x0, 0x3f, 0x10, 0x0, 0xc9, 0xba,
    0x0, 0x3, 0xf1, 0x0, 0xc, 0x9b, 0xa0, 0x0,
    0x3f, 0x10, 0x0, 0xc9,

    /* U+006E "n" */
    0xb9, 0x9e, 0xfb, 0x20, 0xbf, 0xb4, 0x5d, 0xd0,
    0xbe, 0x0, 0x3, 0xf2, 0xba, 0x0, 0x0, 0xf4,
    0xba, 0x0, 0x0, 0xf5, 0xba, 0x0, 0x0, 0xf5,
    0xba, 0x0, 0x0, 0xf5, 0xba, 0x0, 0x0, 0xf5,

    /* U+006F "o" */
    0x0, 0x7d, 0xfd, 0x60, 0x0, 0x9f, 0x74, 0x8f,
    0x70, 0x2f, 0x50, 0x0, 0x7f, 0x5, 0xf0, 0x0,
    0x1, 0xf3, 0x5f, 0x0, 0x0, 0x2f, 0x32, 0xf5,
    0x0, 0x7, 0xf0, 0x9, 0xf7, 0x48, 0xf7, 0x0,
    0x7, 0xdf, 0xd6, 0x0,

    /* U+0070 "p" */
    0xb9, 0x8e, 0xfc, 0x30, 0xbf, 0xc4, 0x3a, 0xf3,
    0xbe, 0x10, 0x0, 0xca, 0xba, 0x0, 0x0, 0x7e,
    0xba, 0x0, 0x0, 0x7e, 0xbe, 0x10, 0x0, 0xca,
    0xbf, 0xd5, 0x5b, 0xf3, 0xba, 0x7e, 0xfc, 0x30,
    0xba, 0x0, 0x0, 0x0, 0xba, 0x0, 0x0, 0x0,
    0xba, 0x0, 0x0, 0x0,

    /* U+0071 "q" */
    0x0, 0x8e, 0xfc, 0x3f, 0x40, 0xaf, 0x74, 0x8e,
    0xf4, 0x2f, 0x50, 0x0, 0x7f, 0x45, 0xf0, 0x0,
    0x1, 0xf4, 0x5f, 0x0, 0x0, 0x2f, 0x42, 0xf5,
    0x0, 0x7, 0xf4, 0xa, 0xf7, 0x48, 0xff, 0x40,
    0x8, 0xef, 0xc4, 0xf4, 0x0, 0x0, 0x0, 0x1f,
    0x40, 0x0, 0x0, 0x1, 0xf4, 0x0, 0x0, 0x0,
    0x1f, 0x40,

    /* U+0072 "r" */
    0xb9, 0x8e, 0x4b, 0xfd, 0x71, 0xbe, 0x10, 0xb,
    0xb0, 0x0, 0xba, 0x0, 0xb, 0xa0, 0x0, 0xba,
    0x0, 0xb, 0xa0, 0x0,

    /* U+0073 "s" */
    0x5, 0xdf, 0xea, 0x13, 0xf7, 0x35, 0xa0, 0x6f,
    0x0, 0x0, 0x1, 0xee, 0x96, 0x10, 0x1, 0x6a,
    0xef, 0x30, 0x0, 0x0, 0xd9, 0x6c, 0x64, 0x6f,
    0x62, 0xae, 0xfd, 0x70,

    /* U+0074 "t" */
    0x8, 0xd0, 0x0, 0x8, 0xd0, 0x0, 0xcf, 0xff,
    0xf0, 0x29, 0xd3, 0x20, 0x8, 0xd0, 0x0, 0x8,
    0xd0, 0x0, 0x8, 0xd0, 0x0, 0x8, 0xd0, 0x0,
    0x5, 0xf5, 0x51, 0x0, 0x9f, 0xe3,

    /* U+0075 "u" */
    0xc8, 0x0, 0x2, 0xf3, 0xc8, 0x0, 0x2, 0xf3,
    0xc8, 0x0, 0x2, 0xf3, 0xc8, 0x0, 0x2, 0xf3,
    0xc9, 0x0, 0x3, 0xf3, 0xab, 0x0, 0x7, 0xf3,
    0x5f, 0x83, 0x7e, 0xf3, 0x6, 0xdf, 0xc5, 0xf3,

    /* U+0076 "v" */
    0xd, 0x90, 0x0, 0xa, 0xa0, 0x6e, 0x0, 0x1,
    0xf3, 0x0, 0xf5, 0x0, 0x7d, 0x0, 0x9, 0xc0,
    0xe, 0x60, 0x0, 0x3f, 0x24, 0xf0, 0x0, 0x0,
    0xc8, 0xb9, 0x0, 0x0, 0x6, 0xff, 0x30, 0x0,
    0x0, 0xf, 0xc0, 0x0,

    /* U+0077 "w" */
    0xc8, 0x0, 0x6, 0xf1, 0x0, 0xd, 0x56, 0xd0,
    0x0, 0xcf, 0x60, 0x3, 0xf0, 0x1f, 0x30, 0x2f,
    0x9c, 0x0, 0x9a, 0x0, 0xb8, 0x7, 0xb2, 0xf1,
    0xe, 0x40, 0x5, 0xe0, 0xd6, 0xc, 0x74, 0xe0,
    0x0, 0xf, 0x6f, 0x0, 0x7c, 0x99, 0x0, 0x0,
    0xaf, 0xa0, 0x1, 0xff, 0x40, 0x0, 0x5, 0xf4,
    0x0, 0xb, 0xe0, 0x0,

    /* U+0078 "x" */
    0x4f, 0x30, 0x7, 0xe1, 0x9, 0xd0, 0x2f, 0x40,
    0x0, 0xd9, 0xd9, 0x0, 0x0, 0x3f, 0xd0, 0x0,
    0x0, 0x4f, 0xe1, 0x0, 0x1, 0xe7, 0xbb, 0x0,
    0xb, 0xb0, 0x1e, 0x70, 0x7e, 0x10, 0x5, 0xf3,

    /* U+0079 "y" */
    0xd, 0x90, 0x0, 0xa, 0xa0, 0x6f, 0x0, 0x1,
    0xf3, 0x0, 0xf6, 0x0, 0x7d, 0x0, 0x9, 0xc0,
    0xd, 0x60, 0x0, 0x2f, 0x34, 0xf0, 0x0, 0x0,
    0xc9, 0xa9, 0x0, 0x0, 0x5, 0xff, 0x20, 0x0,
    0x0, 0xe, 0xc0, 0x0, 0x0, 0x0, 0xe5, 0x0,
    0x0, 0x94, 0xad, 0x0, 0x0, 0x1b, 0xfc, 0x20,
    0x0, 0x0,

    /* U+007A "z" */
    0x5f, 0xff, 0xff, 0xa1, 0x33, 0x37, 0xf4, 0x0,
    0x1, 0xe7, 0x0, 0x0, 0xcb, 0x0, 0x0, 0x8e,
    0x10, 0x0, 0x4f, 0x40, 0x0, 0x1e, 0xa3, 0x33,
    0x26, 0xff, 0xff, 0xfc,

    /* U+007B "{" */
    0x0, 0x6e, 0xa0, 0xf, 0x92, 0x1, 0xf4, 0x0,
    0x1f, 0x40, 0x1, 0xf4, 0x0, 0x3f, 0x30, 0x3f,
    0xc0, 0x0, 0x6f, 0x30, 0x1, 0xf4, 0x0, 0x1f,
    0x40, 0x1, 0xf4, 0x0, 0x1f, 0x40, 0x0, 0xfa,
    0x20, 0x5, 0xea,

    /* U+007C "|" */
    0x8b, 0x8b, 0x8b, 0x8b, 0x8b, 0x8b, 0x8b, 0x8b,
    0x8b, 0x8b, 0x8b, 0x8b, 0x8b, 0x8b,

    /* U+007D "}" */
    0xbe, 0x50, 0x2, 0xae, 0x0, 0x5, 0xf0, 0x0,
    0x5f, 0x0, 0x5, 0xf0, 0x0, 0x4f, 0x10, 0x0,
    0xdf, 0x10, 0x4f, 0x50, 0x5, 0xf0, 0x0, 0x5f,
    0x0, 0x5, 0xf0, 0x0, 0x5f, 0x0, 0x2a, 0xe0,
    0xb, 0xe4, 0x0,

    /* U+007E "~" */
    0x7, 0xec, 0x40, 0xb4, 0x1e, 0x25, 0xdf, 0xc0,
    0x1, 0x0, 0x0, 0x0,

    /* U+2103 "℃" */
    0x2, 0x74, 0x0, 0x0, 0x2, 0x41, 0x0, 0x1d,
    0x49, 0x70, 0x2, 0xdf, 0xef, 0xa0, 0x2a, 0x3,
    0xa0, 0x1f, 0xa1, 0x1, 0x60, 0xa, 0xbc, 0x30,
    0x9d, 0x0, 0x0, 0x0, 0x0, 0x0, 0x0, 0xe7,
    0x0, 0x0, 0x0, 0x0, 0x0, 0x0, 0xf5, 0x0,
    0x0, 0x0, 0x0, 0x0, 0x0, 0xf5, 0x0, 0x0,
    0x0, 0x0, 0x0, 0x0, 0xd8, 0x0, 0x0, 0x0,
    0x0, 0x0, 0x0, 0x9e, 0x0, 0x0, 0x0, 0x0,
    0x0, 0x0, 0x1e, 0xc3, 0x4, 0xd3, 0x0, 0x0,
    0x0, 0x1, 0xbf, 0xfe, 0x80, 0x0, 0x0, 0x0,
    0x0, 0x0, 0x20, 0x0,

    /* U+4E0E "与" */
    0x0, 0x2, 0x50, 0x0, 0x0, 0x0, 0x0, 0x0,
    0x79, 0x0, 0x0, 0x0, 0x0, 0x0, 0xa, 0xfe,
    0xee, 0xee, 0xee, 0x30, 0x0, 0xd3, 0x0, 0x0,
    0x0, 0x0, 0x0, 0xf, 0x0, 0x0, 0x0, 0x0,
    0x0, 0x4, 0xd0, 0x0, 0x0, 0x0, 0x0, 0x0,
    0x7e, 0xee, 0xee, 0xee, 0xef, 0x60, 0x0, 0x0,
    0x0, 0x0, 0x0, 0xb4, 0x1, 0x11, 0x11, 0x11,
    0x11, 0xd, 0x31, 0xdd, 0xdd, 0xdd, 0xdd, 0x70,
    0xf0, 0x0, 0x0, 0x0, 0x0, 0x0, 0x3d, 0x0,
    0x0, 0x0, 0x0, 0x0, 0xa, 0x90, 0x0, 0x0,
    0x0, 0xe, 0xff, 0xc1, 0x0, 0x0, 0x0, 0x0,
    0x0, 0x0, 0x0,

    /* U+4ECE "从" */
    0x0, 0x0, 0x0, 0x0, 0x0, 0x0, 0x0, 0x0,
    0x5, 0xc0, 0x0, 0xf, 0x10, 0x0, 0x0, 0x6,
    0xb0, 0x0, 0x1f, 0x0, 0x0, 0x0, 0x7, 0x90,
    0x0, 0x3e, 0x0, 0x0, 0x0, 0x8, 0x80, 0x0,
    0x4c, 0x0, 0x0, 0x0, 0xb, 0x90, 0x0, 0x7b,
    0x0, 0x0, 0x0, 0xd, 0xf5, 0x0, 0xae, 0x0,
    0x0, 0x0, 0xf, 0x4e, 0x10, 0xdf, 0x30, 0x0,
    0x0, 0x4c, 0x8, 0xa3, 0xe6, 0x90, 0x0, 0x0,
    0x98, 0x0, 0xca, 0x90, 0xe1, 0x0, 0x0, 0xe4,
    0x0, 0x1f, 0x30, 0x9a, 0x0, 0x9, 0xb0, 0x0,
    0xc9, 0x0, 0x1e, 0x70, 0x2f, 0x20, 0x8, 0xd0,
    0x0, 0x3, 0xe2, 0x2, 0x0, 0x0, 0x10, 0x0,
    0x0, 0x0,

    /* U+4EF6 "件" */
    0x0, 0x0, 0x0, 0x0, 0x0, 0x0, 0x0, 0x0,
    0xb, 0x51, 0x30, 0xc3, 0x0, 0x0, 0x0, 0x2f,
    0x6, 0xa0, 0xc3, 0x0, 0x0, 0x0, 0x99, 0x9,
    0x70, 0xc3, 0x0, 0x0, 0x3, 0xf3, 0xe, 0xff,
    0xff, 0xff, 0x60, 0xd, 0xf2, 0x5d, 0x10, 0xc4,
    0x0, 0x0, 0x8d, 0xe2, 0xa5, 0x0, 0xc3, 0x0,
    0x0, 0x32, 0xd2, 0x0, 0x0, 0xc3, 0x0, 0x0,
    0x0, 0xd2, 0xbf, 0xff, 0xff, 0xff, 0xf0, 0x0,
    0xd2, 0x1, 0x11, 0xc4, 0x11, 0x10, 0x0, 0xd2,
    0x0, 0x0, 0xc3, 0x0, 0x0, 0x0, 0xd2, 0x0,
    0x0, 0xc3, 0x0, 0x0, 0x0, 0xd2, 0x0, 0x0,
    0xc3, 0x0, 0x0, 0x0, 0xd2, 0x0, 0x0, 0xc3,
    0x0, 0x0, 0x0, 0x0, 0x0, 0x0, 0x0, 0x0,
    0x0,

    /* U+4F20 "传" */
    0x0, 0x5, 0x20, 0x2, 0x60, 0x0, 0x0, 0x0,
    0x1e, 0x20, 0x7, 0xa0, 0x0, 0x0, 0x0, 0x7b,
    0x4e, 0xef, 0xfe, 0xee, 0x70, 0x1, 0xe3, 0x0,
    0xf, 0x10, 0x0, 0x0, 0xc, 0xf2, 0x33, 0x6e,
    0x33, 0x33, 0x30, 0x9e, 0xf2, 0xbb, 0xed, 0xbb,
    0xbb, 0xb1, 0x62, 0xe1, 0x0, 0xd3, 0x0, 0x0,
    0x0, 0x0, 0xe1, 0x3, 0xff, 0xee, 0xee, 0x10,
    0x0, 0xe1, 0x0, 0x0, 0x1, 0xd7, 0x0, 0x0,
    0xe1, 0x0, 0x13, 0xb, 0x90, 0x0, 0x0, 0xe1,
    0x0, 0x3d, 0xda, 0x0, 0x0, 0x0, 0xe1, 0x0,
    0x1, 0xac, 0x10, 0x0, 0x0, 0xe1, 0x0, 0x0,
    0x8, 0x70, 0x0, 0x0, 0x0, 0x0, 0x0, 0x0,
    0x0, 0x0,

    /* U+4F4D "位" */
    0x0, 0x0, 0x60, 0x0, 0x63, 0x0, 0x0, 0x0,
    0x4, 0xd0, 0x0, 0x88, 0x0, 0x0, 0x0, 0xb,
    0x60, 0x0, 0x48, 0x0, 0x0, 0x0, 0x4e, 0x9,
    0xff, 0xff, 0xff, 0xe0, 0x1, 0xec, 0x0, 0x0,
    0x0, 0x3, 0x0, 0xb, 0xdc, 0x0, 0x96, 0x0,
    0x1f, 0x0, 0xb, 0x4c, 0x0, 0x69, 0x0, 0x4c,
    0x0, 0x0, 0x3c, 0x0, 0x3c, 0x0, 0x69, 0x0,
    0x0, 0x3c, 0x0, 0xf, 0x0, 0x96, 0x0, 0x0,
    0x3c, 0x0, 0xe, 0x10, 0xc2, 0x0, 0x0, 0x3c,
    0x0, 0xc, 0x30, 0xe0, 0x0, 0x0, 0x3c, 0x4,
    0x44, 0x46, 0xc4, 0x42, 0x0, 0x3c, 0x2b, 0xbb,
    0xbb, 0xbb, 0xb5,

    /* U+4F4E "低" */
    0x0, 0x3, 0x10, 0x0, 0x0, 0x15, 0x0, 0x0,
    0xe, 0x31, 0x36, 0x9d, 0xea, 0x20, 0x0, 0x6c,
    0xe, 0xb8, 0x6e, 0x0, 0x0, 0x0, 0xd5, 0xe,
    0x0, 0xf, 0x0, 0x0, 0x8, 0xf2, 0xe, 0x0,
    0xf, 0x0, 0x0, 0x4f, 0xe2, 0xe, 0x32, 0x2e,
    0x32, 0x20, 0xa5, 0xd2, 0xe, 0xdd, 0xdf, 0xdd,
    0xd0, 0x0, 0xd2, 0xe, 0x0, 0xa, 0x50, 0x0,
    0x0, 0xd2, 0xe, 0x0, 0x7, 0x80, 0x0, 0x0,
    0xd2, 0xe, 0x0, 0x4, 0xb0, 0x0, 0x0, 0xd2,
    0xe, 0x0, 0xc1, 0xe1, 0x92, 0x0, 0xd2, 0xf,
    0x7a, 0x77, 0x9a, 0xd0, 0x0, 0xd2, 0x5d, 0x73,
    0x18, 0x1b, 0x80, 0x0, 0x0, 0x0, 0x0, 0x0,
    0x0, 0x0,

    /* U+4F53 "体" */
    0x0, 0xb, 0x20, 0x1, 0xe0, 0x0, 0x0, 0x0,
    0x3d, 0x0, 0x1, 0xe0, 0x0, 0x0, 0x0, 0xa7,
    0x0, 0x1, 0xe0, 0x0, 0x0, 0x2, 0xf2, 0xff,
    0xff, 0xff, 0xff, 0xf1, 0xc, 0xf1, 0x0, 0x1e,
    0xfd, 0x10, 0x0, 0x7e, 0xf1, 0x0, 0x6a, 0xeb,
    0x40, 0x0, 0x64, 0xe1, 0x0, 0xd3, 0xe4, 0xb0,
    0x0, 0x0, 0xe1, 0x5, 0xa1, 0xe0, 0xc3, 0x0,
    0x0, 0xe1, 0x1e, 0x21, 0xe0, 0x4d, 0x0, 0x0,
    0xe1, 0xc8, 0x34, 0xf3, 0x3b, 0xa0, 0x0, 0xe5,
    0xa4, 0xbb, 0xfb, 0xb2, 0xb2, 0x0, 0xe1, 0x0,
    0x1, 0xe0, 0x0, 0x0, 0x0, 0xe1, 0x0, 0x1,
    0xe0, 0x0, 0x0,

    /* U+4F59 "余" */
    0x0, 0x0, 0x0, 0x16, 0x0, 0x0, 0x0, 0x0,
    0x0, 0x0, 0xce, 0x40, 0x0, 0x0, 0x0, 0x0,
    0x2d, 0x72, 0xd7, 0x0, 0x0, 0x0, 0x5, 0xe6,
    0x0, 0x1c, 0xa1, 0x0, 0x3, 0xbe, 0x63, 0x33,
    0x34, 0xae, 0x91, 0x1d, 0x65, 0xbb, 0xcf, 0xbb,
    0x91, 0x97, 0x0, 0x0, 0x0, 0x4c, 0x0, 0x0,
    0x0, 0x6, 0xee, 0xee, 0xff, 0xee, 0xee, 0xd0,
    0x0, 0x0, 0x0, 0x5c, 0x0, 0x0, 0x0, 0x0,
    0x7, 0xa0, 0x4c, 0x7, 0xb0, 0x0, 0x0, 0x6e,
    0x10, 0x4c, 0x0, 0x9c, 0x0, 0x8, 0xd2, 0x0,
    0x5c, 0x0, 0xa, 0xb0, 0x3, 0x10, 0x3f, 0xe7,
    0x0, 0x0, 0x30, 0x0, 0x0, 0x0, 0x0, 0x0,
    0x0, 0x0,

    /* U+503C "值" */
    0x0, 0x0, 0x0, 0x0, 0x0, 0x0, 0x0, 0x0,
    0x7, 0x60, 0x0, 0xb5, 0x0, 0x0, 0x0, 0xe,
    0x20, 0x0, 0xd4, 0x0, 0x0, 0x0, 0x6b, 0x5d,
    0xdd, 0xfd, 0xdd, 0xc0, 0x0, 0xe3, 0x0, 0x2,
    0xd0, 0x0, 0x0, 0xa, 0xf1, 0xa, 0xdc, 0xcc,
    0xcf, 0x10, 0x5e, 0xf1, 0xa, 0x40, 0x0, 0xd,
    0x10, 0x54, 0xe1, 0xa, 0xdc, 0xcc, 0xcf, 0x10,
    0x0, 0xe1, 0xa, 0x40, 0x0, 0xd, 0x10, 0x0,
    0xe1, 0xa, 0xdb, 0xbb, 0xbf, 0x10, 0x0, 0xe1,
    0xa, 0x40, 0x0, 0xd, 0x10, 0x0, 0xe1, 0xa,
    0xdc, 0xcc, 0xcf, 0x10, 0x0, 0xe1, 0xa, 0x40,
    0x0, 0xd, 0x10, 0x0, 0xe1, 0xef, 0xee, 0xee,
    0xef, 0xe4,

    /* U+5065 "健" */
    0x0, 0x0, 0x0, 0x0, 0x0, 0x0, 0x0, 0x0,
    0x2c, 0x0, 0x0, 0xb, 0x20, 0x0, 0x0, 0x78,
    0xff, 0xe7, 0xcf, 0xdc, 0x60, 0x0, 0xd3, 0x6,
    0x90, 0xc, 0x36, 0x70, 0x4, 0xf0, 0xc, 0x3c,
    0xcf, 0xde, 0xe6, 0xd, 0xf0, 0x5a, 0x0, 0xb,
    0x25, 0x70, 0x5d, 0xf2, 0xec, 0x96, 0xcf, 0xdd,
    0x70, 0x13, 0xe0, 0x43, 0xd0, 0xb, 0x20, 0x0,
    0x0, 0xe1, 0x43, 0xb9, 0xcf, 0xdc, 0x90, 0x0,
    0xe1, 0xd7, 0x70, 0xb, 0x20, 0x0, 0x0, 0xe0,
    0x9e, 0x2d, 0xdf, 0xed, 0xd2, 0x0, 0xe0, 0x5f,
    0x50, 0xb, 0x20, 0x0, 0x0, 0xe1, 0xd3, 0xbb,
    0x55, 0x20, 0x10, 0x0, 0xe8, 0x50, 0x3, 0x8a,
    0xcd, 0xd4, 0x0, 0x0, 0x0, 0x0, 0x0, 0x0,
    0x0,

    /* U+50A8 "储" */
    0x0, 0xc, 0x0, 0x0, 0x2c, 0x0, 0x30, 0x0,
    0x5a, 0x85, 0x0, 0x2c, 0x1, 0xe0, 0x0, 0xb4,
    0x2e, 0x2e, 0xef, 0xed, 0x70, 0x2, 0xf0, 0x5,
    0x20, 0x2c, 0x1d, 0x0, 0xb, 0xe0, 0x0, 0x14,
    0x6d, 0xb9, 0x41, 0x5e, 0xe5, 0xfe, 0x3a, 0xbf,
    0xca, 0xa4, 0x54, 0xe0, 0xe, 0x1, 0xba, 0x0,
    0x0, 0x0, 0xe0, 0xe, 0x4e, 0xfd, 0xde, 0xc0,
    0x0, 0xe0, 0xe, 0x35, 0xd0, 0x2, 0xc0, 0x0,
    0xe0, 0xe, 0x1, 0xfc, 0xcd, 0xc0, 0x0, 0xe0,
    0xe, 0x94, 0xd0, 0x2, 0xc0, 0x0, 0xe0, 0x5e,
    0x51, 0xfc, 0xcd, 0xc0, 0x0, 0xe0, 0x1, 0x1,
    0xd1, 0x13, 0xb0,

    /* U+5165 "入" */
    0x0, 0x0, 0x20, 0x0, 0x0, 0x0, 0x0, 0x0,
    0x0, 0xab, 0x0, 0x0, 0x0, 0x0, 0x0, 0x0,
    0xc, 0xb0, 0x0, 0x0, 0x0, 0x0, 0x0, 0x0,
    0xd7, 0x0, 0x0, 0x0, 0x0, 0x0, 0x0, 0xdf,
    0x10, 0x0, 0x0, 0x0, 0x0, 0x2, 0xfa, 0x90,
    0x0, 0x0, 0x0, 0x0, 0x7, 0xb1, 0xf2, 0x0,
    0x0, 0x0, 0x0, 0xe, 0x50, 0x8b, 0x0, 0x0,
    0x0, 0x0, 0x7c, 0x0, 0x1f, 0x40, 0x0, 0x0,
    0x4, 0xf3, 0x0, 0x7, 0xd1, 0x0, 0x0, 0x3f,
    0x60, 0x0, 0x0, 0xbc, 0x0, 0x7, 0xf8, 0x0,
    0x0, 0x0, 0x1c, 0xd2, 0x1c, 0x40, 0x0, 0x0,
    0x0, 0x0, 0x92,

    /* U+5236 "制" */
    0x0, 0x81, 0xb4, 0x0, 0x0, 0x0, 0xd1, 0x1,
    0xf0, 0xb4, 0x0, 0x3, 0x60, 0xe1, 0x6, 0xfe,
    0xfe, 0xee, 0x15, 0x90, 0xe1, 0xd, 0x40, 0xb5,
    0x0, 0x5, 0x90, 0xe1, 0x1c, 0x77, 0xda, 0x77,
    0x55, 0x90, 0xe1, 0x7, 0x77, 0xd9, 0x77, 0x45,
    0x90, 0xe1, 0x1, 0x22, 0xb6, 0x22, 0x5, 0x90,
    0xe1, 0x7, 0xec, 0xfd, 0xcf, 0x25, 0x90, 0xe1,
    0x7, 0x70, 0xb4, 0xc, 0x25, 0x90, 0xe1, 0x7,
    0x70, 0xb4, 0xc, 0x20, 0x0, 0xe1, 0x7, 0x70,
    0xb4, 0xc, 0x20, 0x0, 0xe1, 0x7, 0x70, 0xb5,
    0xdd, 0x0, 0x11, 0xf1, 0x0, 0x0, 0xb4, 0x0,
    0x0, 0xdf, 0xb0,

    /* U+5269 "剩" */
    0x0, 0x0, 0x0, 0x0, 0x0, 0x0, 0x0, 0x1,
    0x24, 0x7b, 0xe1, 0x0, 0x1e, 0x9, 0xdd, 0xec,
    0x72, 0x0, 0x1, 0xe0, 0x22, 0x2a, 0x72, 0x22,
    0x59, 0x1e, 0x2c, 0xcc, 0xed, 0xcc, 0xc5, 0x91,
    0xe0, 0x3, 0x79, 0x6a, 0x0, 0x59, 0x1e, 0xb,
    0xd8, 0x96, 0xca, 0x65, 0x91, 0xe0, 0x3, 0x89,
    0x6c, 0x20, 0x59, 0x1e, 0xa, 0xd8, 0x96, 0xc2,
    0xb5, 0x91, 0xe0, 0x12, 0x7e, 0xa5, 0x95, 0x59,
    0x1e, 0x0, 0xc, 0xec, 0xc2, 0x3, 0x61, 0xe0,
    0xa, 0x99, 0x63, 0xe5, 0x0, 0x1e, 0x1d, 0x90,
    0x96, 0x2, 0x30, 0x2, 0xe0, 0x50, 0x9, 0x60,
    0x0, 0x1e, 0xf9, 0x0, 0x0, 0x0, 0x0, 0x0,
    0x0, 0x0,

    /* U+529F "功" */
    0x0, 0x0, 0x0, 0x0, 0xb4, 0x0, 0x0, 0x16,
    0x66, 0x66, 0x0, 0xc4, 0x0, 0x0, 0x1a, 0xbf,
    0xa9, 0x0, 0xc4, 0x0, 0x0, 0x0, 0x1e, 0x0,
    0xbc, 0xfd, 0xcc, 0xc2, 0x0, 0x1e, 0x0, 0x33,
    0xe5, 0x33, 0xe2, 0x0, 0x1e, 0x0, 0x0, 0xf1,
    0x0, 0xe1, 0x0, 0x1e, 0x0, 0x1, 0xf0, 0x0,
    0xf0, 0x0, 0x1e, 0x0, 0x5, 0xc0, 0x0, 0xf0,
    0x0, 0x3f, 0xae, 0x29, 0x70, 0x1, 0xe0, 0x3d,
    0xfb, 0x62, 0x1f, 0x20, 0x3, 0xd0, 0x14, 0x0,
    0x0, 0xa9, 0x0, 0x5, 0xb0, 0x0, 0x0, 0xa,
    0xd1, 0x0, 0xa, 0x80, 0x0, 0x0, 0x5c, 0x10,
    0x2f, 0xfd, 0x20, 0x0, 0x0, 0x0, 0x0, 0x0,
    0x0, 0x0,

    /* U+52A8 "动" */
    0x0, 0x0, 0x0, 0x0, 0xe, 0x20, 0x0, 0x8,
    0xcc, 0xcc, 0x80, 0xe, 0x20, 0x0, 0x1, 0x22,
    0x22, 0x10, 0xe, 0x10, 0x0, 0x0, 0x0, 0x0,
    0x7, 0x7f, 0x87, 0x71, 0x0, 0x0, 0x0, 0x9,
    0xaf, 0xaa, 0xf2, 0x2e, 0xff, 0xee, 0xd0, 0xf,
    0x0, 0xe1, 0x0, 0x69, 0x0, 0x0, 0x2e, 0x0,
    0xe1, 0x0, 0xb4, 0xb, 0x0, 0x4c, 0x0, 0xf0,
    0x0, 0xd0, 0xa, 0x50, 0x78, 0x0, 0xf0, 0x6,
    0x91, 0x4a, 0xb0, 0xc5, 0x1, 0xe0, 0xd, 0xfd,
    0xa6, 0xe4, 0xe0, 0x3, 0xd0, 0x4, 0x10, 0x0,
    0x1c, 0x70, 0x7, 0xa0, 0x0, 0x0, 0x0, 0x5b,
    0xb, 0xfe, 0x40, 0x0, 0x0, 0x0, 0x0, 0x0,
    0x0, 0x0,

    /* U+52BF "势" */
    0x0, 0x0, 0x0, 0x0, 0x0, 0x0, 0x0, 0x0,
    0xf, 0x0, 0x0, 0xd1, 0x0, 0x0, 0x1, 0x1f,
    0x11, 0x11, 0xe2, 0x11, 0x0, 0xc, 0xcf, 0xca,
    0xbc, 0xfc, 0xdb, 0x0, 0x0, 0xf, 0x23, 0x53,
    0xc0, 0x4b, 0x0, 0x1a, 0xdf, 0xb8, 0x5e, 0xb0,
    0x3b, 0x0, 0x3, 0x1f, 0x0, 0x3e, 0xac, 0x3d,
    0x53, 0x5, 0xae, 0x3, 0xd3, 0x4, 0xb, 0xe2,
    0x1, 0x20, 0x1, 0xe0, 0x0, 0x0, 0x0, 0xa,
    0xee, 0xee, 0xfe, 0xee, 0xee, 0x0, 0x0, 0x0,
    0xc, 0x50, 0x0, 0x2e, 0x0, 0x0, 0x0, 0x8c,
    0x0, 0x0, 0x4b, 0x0, 0x0, 0x4b, 0xc1, 0x0,
    0x0, 0x98, 0x0, 0x1e, 0xc6, 0x0, 0x6, 0xee,
    0xc2, 0x0, 0x1, 0x0, 0x0, 0x0, 0x0, 0x0,
    0x0,

    /* U+5355 "单" */
    0x0, 0x1, 0x20, 0x0, 0x1, 0x30, 0x0, 0x0,
    0x4, 0xe1, 0x0, 0xa, 0xa0, 0x0, 0x0, 0x11,
    0xa8, 0x11, 0x4e, 0x21, 0x0, 0x0, 0xed, 0xcc,
    0xee, 0xcc, 0xdf, 0x0, 0x0, 0xe2, 0x0, 0x87,
    0x0, 0xf, 0x0, 0x0, 0xed, 0xdd, 0xee, 0xdd,
    0xdf, 0x0, 0x0, 0xe2, 0x0, 0x87, 0x0, 0xf,
    0x0, 0x0, 0xed, 0xdd, 0xee, 0xdd, 0xdf, 0x0,
    0x0, 0x0, 0x0, 0x98, 0x0, 0x0, 0x0, 0x2,
    0x22, 0x22, 0xa9, 0x22, 0x22, 0x20, 0x2c, 0xcc,
    0xcc, 0xee, 0xcc, 0xcc, 0xc2, 0x0, 0x0, 0x0,
    0x87, 0x0, 0x0, 0x0, 0x0, 0x0, 0x0, 0x87,
    0x0, 0x0, 0x0,

    /* U+5361 "卡" */
    0x0, 0x0, 0x0, 0xd3, 0x0, 0x0, 0x0, 0x0,
    0x0, 0x0, 0xd3, 0x0, 0x0, 0x0, 0x0, 0x0,
    0x0, 0xdf, 0xff, 0xfc, 0x0, 0x0, 0x0, 0x0,
    0xd4, 0x0, 0x0, 0x0, 0x0, 0x0, 0x0, 0xd3,
    0x0, 0x0, 0x0, 0x2c, 0xcc, 0xcc, 0xfd, 0xcc,
    0xcc, 0xc2, 0x3, 0x33, 0x33, 0xd6, 0x33, 0x33,
    0x30, 0x0, 0x0, 0x0, 0xc4, 0x10, 0x0, 0x0,
    0x0, 0x0, 0x0, 0xc8, 0xe9, 0x30, 0x0, 0x0,
    0x0, 0x0, 0xc4, 0x17, 0xec, 0x30, 0x0, 0x0,
    0x0, 0xc4, 0x0, 0x6, 0x20, 0x0, 0x0, 0x0,
    0xc4, 0x0, 0x0, 0x0, 0x0, 0x0, 0x0, 0xc4,
    0x0, 0x0, 0x0,

    /* U+538B "压" */
    0x1, 0xff, 0xff, 0xff, 0xff, 0xff, 0xfc, 0x1,
    0xe0, 0x0, 0x1, 0x70, 0x0, 0x0, 0x1, 0xd0,
    0x0, 0x1, 0xe0, 0x0, 0x0, 0x1, 0xd0, 0x0,
    0x1, 0xe0, 0x0, 0x0, 0x2, 0xd0, 0x11, 0x12,
    0xe1, 0x11, 0x10, 0x2, 0xc1, 0xee, 0xee, 0xfe,
    0xee, 0xe0, 0x3, 0xb0, 0x0, 0x1, 0xe0, 0x0,
    0x0, 0x4, 0xa0, 0x0, 0x1, 0xe0, 0xa8, 0x0,
    0x6, 0x90, 0x0, 0x1, 0xe0, 0xb, 0x70, 0xa,
    0x50, 0x0, 0x1, 0xe0, 0x0, 0x0, 0xe, 0x2b,
    0xbb, 0xbb, 0xfb, 0xbb, 0xb8, 0x18, 0x4, 0x44,
    0x44, 0x44, 0x44, 0x43,

    /* U+539F "原" */
    0x0, 0xff, 0xff, 0xff, 0xff, 0xff, 0xf3, 0x0,
    0xf0, 0x0, 0x7, 0x90, 0x0, 0x0, 0x0, 0xf0,
    0xbb, 0xbf, 0xdb, 0xbb, 0x10, 0x0, 0xf0, 0xe2,
    0x11, 0x11, 0x1e, 0x20, 0x0, 0xf0, 0xea, 0x99,
    0x99, 0x9f, 0x20, 0x1, 0xf0, 0xe4, 0x22, 0x22,
    0x2e, 0x20, 0x2, 0xe0, 0xe3, 0x11, 0x11, 0x1e,
    0x20, 0x3, 0xc0, 0xab, 0xbc, 0xfb, 0xbb, 0x10,
    0x6, 0x90, 0x8, 0x1, 0xe0, 0x70, 0x0, 0xa,
    0x60, 0xa9, 0x1, 0xe0, 0x6c, 0x0, 0x1f, 0x1a,
    0xa0, 0x1, 0xe0, 0x8, 0xb0, 0x16, 0x3, 0x3,
    0xee, 0x90, 0x0, 0x40,

    /* U+53D1 "发" */
    0x0, 0x6, 0x10, 0xb6, 0x3, 0x60, 0x0, 0x0,
    0x2e, 0x0, 0xe4, 0x1, 0xd5, 0x0, 0x0, 0x98,
    0x1, 0xf1, 0x0, 0x28, 0x0, 0x2, 0xfd, 0xcd,
    0xfc, 0xcc, 0xcc, 0xc0, 0x0, 0x53, 0x3b, 0xa3,
    0x33, 0x33, 0x30, 0x0, 0x0, 0xf, 0x50, 0x0,
    0x10, 0x0, 0x0, 0x0, 0x6f, 0xff, 0xff, 0xf9,
    0x0, 0x0, 0x0, 0xef, 0x50, 0x0, 0xe2, 0x0,
    0x0, 0xa, 0xc2, 0xd1, 0x9, 0xa0, 0x0, 0x0,
    0x7e, 0x10, 0x4d, 0x8d, 0x0, 0x0, 0x9, 0xe3,
    0x0, 0x1d, 0xf6, 0x0, 0x0, 0x3b, 0x10, 0x28,
    0xe9, 0x4d, 0xc5, 0x10, 0x0, 0x5, 0xe8, 0x20,
    0x0, 0x5b, 0xf2, 0x0, 0x0, 0x0, 0x0, 0x0,
    0x0, 0x0,

    /* U+53D6 "取" */
    0x6f, 0xff, 0xff, 0xd0, 0x0, 0x0, 0x0, 0x7,
    0x80, 0x2d, 0xf, 0xfe, 0xef, 0xb0, 0x7, 0x80,
    0x2d, 0x4, 0xa0, 0x6, 0x80, 0x7, 0xfe, 0xed,
    0x0, 0xe0, 0x9, 0x50, 0x7, 0x80, 0x2d, 0x0,
    0xd1, 0xd, 0x10, 0x7, 0x80, 0x2d, 0x0, 0x96,
    0x2d, 0x0, 0x7, 0xfd, 0xed, 0x0, 0x3b, 0x96,
    0x0, 0x7, 0x80, 0x2d, 0x0, 0xd, 0xe0, 0x0,
    0x7, 0x82, 0x6f, 0xa0, 0xb, 0xc0, 0x0, 0x5e,
    0xec, 0xae, 0x30, 0x6d, 0xd7, 0x0, 0x11, 0x0,
    0x2d, 0x6, 0xe1, 0x2e, 0x80, 0x0, 0x0, 0x2d,
    0x2c, 0x10, 0x1, 0xb1, 0x0, 0x0, 0x0, 0x0,
    0x0, 0x0, 0x0,

    /* U+540C "同" */
    0xef, 0xff, 0xff, 0xff, 0xff, 0xfc, 0xe1, 0x0,
    0x0, 0x0, 0x0, 0x3c, 0xe1, 0xbc, 0xcc, 0xcc,
    0xc1, 0x3c, 0xe1, 0x22, 0x22, 0x22, 0x20, 0x3c,
    0xe1, 0x0, 0x0, 0x0, 0x0, 0x3c, 0xe1, 0x3f,
    0xdd, 0xdf, 0x60, 0x3c, 0xe1, 0x3b, 0x0, 0x9,
    0x60, 0x3c, 0xe1, 0x3b, 0x0, 0x9, 0x60, 0x3c,
    0xe1, 0x3f, 0xdd, 0xdf, 0x60, 0x3c, 0xe1, 0x3c,
    0x0, 0x0, 0x0, 0x3c, 0xe1, 0x15, 0x0, 0x0,
    0x0, 0x5c, 0xe1, 0x0, 0x0, 0x0, 0xbf, 0xe6,

    /* U+5411 "向" */
    0x0, 0x0, 0x17, 0x10, 0x0, 0x0, 0x0, 0x0,
    0x6e, 0x0, 0x0, 0x0, 0x11, 0x11, 0xc8, 0x11,
    0x11, 0x10, 0xcf, 0xee, 0xee, 0xee, 0xee, 0xf3,
    0xc3, 0x0, 0x0, 0x0, 0x0, 0xd3, 0xc3, 0x3,
    0x33, 0x33, 0x20, 0xd3, 0xc3, 0xe, 0xbb, 0xbc,
    0xb0, 0xd3, 0xc3, 0xe, 0x0, 0x3, 0xb0, 0xd3,
    0xc3, 0xe, 0x0, 0x3, 0xb0, 0xd3, 0xc3, 0xe,
    0xfe, 0xef, 0xb0, 0xd3, 0xc3, 0xe, 0x0, 0x0,
    0x0, 0xd3, 0xc3, 0x5, 0x0, 0x0, 0x0, 0xd3,
    0xc3, 0x0, 0x0, 0x0, 0xcf, 0xc0,

    /* U+5728 "在" */
    0x0, 0x0, 0x9, 0x50, 0x0, 0x0, 0x0, 0x0,
    0x0, 0xf, 0x20, 0x0, 0x0, 0x0, 0xc, 0xcc,
    0xdf, 0xcc, 0xcc, 0xcc, 0xc1, 0x3, 0x34, 0xe6,
    0x33, 0x33, 0x33, 0x30, 0x0, 0x7, 0xc0, 0x0,
    0x53, 0x0, 0x0, 0x0, 0x1f, 0x40, 0x0, 0xa6,
    0x0, 0x0, 0x0, 0xcd, 0x0, 0x0, 0xa6, 0x0,
    0x0, 0xc, 0xec, 0xb, 0xee, 0xff, 0xee, 0x80,
    0x3b, 0x4c, 0x0, 0x0, 0xa6, 0x0, 0x0, 0x0,
    0x3c, 0x0, 0x0, 0xa6, 0x0, 0x0, 0x0, 0x3c,
    0x0, 0x0, 0xa6, 0x0, 0x0, 0x0, 0x3c, 0x0,
    0x0, 0xa6, 0x0, 0x0, 0x0, 0x3c, 0x5f, 0xff,
    0xff, 0xff, 0xf1,

    /* U+578B "型" */
    0x0, 0x0, 0x0, 0x0, 0x0, 0x5, 0xa0, 0x5,
    0xef, 0xef, 0xfd, 0xe, 0x5, 0xa0, 0x0, 0xe,
    0x5, 0x90, 0xe, 0x5, 0xa0, 0x0, 0x1e, 0x16,
    0xa1, 0xe, 0x5, 0xa0, 0xa, 0xdf, 0xde, 0xfd,
    0x2e, 0x5, 0xa0, 0x0, 0x5a, 0x5, 0x90, 0x9,
    0x5, 0xa0, 0x0, 0xd3, 0x5, 0x90, 0x0, 0x27,
    0xa0, 0x9, 0x60, 0x3, 0x85, 0x1, 0xcb, 0x40,
    0x0, 0x0, 0x0, 0x3c, 0x0, 0x0, 0x0, 0x0,
    0x9f, 0xff, 0xff, 0xff, 0xff, 0x0, 0x0, 0x0,
    0x0, 0x3c, 0x0, 0x0, 0x0, 0x2, 0x22, 0x22,
    0x6d, 0x22, 0x22, 0x21, 0x1c, 0xcc, 0xcc, 0xcc,
    0xcc, 0xcc, 0xc6,

    /* U+5931 "失" */
    0x0, 0x8, 0x30, 0x97, 0x0, 0x0, 0x0, 0x0,
    0x1f, 0x20, 0x97, 0x0, 0x0, 0x0, 0x0, 0x7e,
    0x11, 0xa8, 0x11, 0x11, 0x0, 0x0, 0xdf, 0xff,
    0xff, 0xff, 0xff, 0x0, 0x7, 0xe0, 0x0, 0x97,
    0x0, 0x0, 0x0, 0xd, 0x40, 0x0, 0xa6, 0x0,
    0x0, 0x0, 0x4, 0x33, 0x33, 0xc8, 0x33, 0x33,
    0x30, 0x2c, 0xcc, 0xcc, 0xff, 0xcc, 0xcc, 0xc2,
    0x0, 0x0, 0x4, 0xed, 0x40, 0x0, 0x0, 0x0,
    0x0, 0x1d, 0x64, 0xd1, 0x0, 0x0, 0x0, 0x1,
    0xcb, 0x0, 0x9c, 0x10, 0x0, 0x0, 0x6e, 0x90,
    0x0, 0x9, 0xe6, 0x0, 0x2e, 0xc4, 0x0, 0x0,
    0x0, 0x4c, 0xf3, 0x2, 0x0, 0x0, 0x0, 0x0,
    0x0, 0x20,

    /* U+59CB "始" */
    0x0, 0x0, 0x0, 0x0, 0x0, 0x0, 0x0, 0x0,
    0x5a, 0x0, 0x0, 0x4d, 0x0, 0x0, 0x0, 0x77,
    0x0, 0x0, 0xb7, 0x0, 0x0, 0x0, 0x95, 0x0,
    0x3, 0xe0, 0x29, 0x0, 0x2e, 0xff, 0xe9, 0xc,
    0x50, 0xb, 0x60, 0x1, 0xe0, 0x77, 0x7c, 0x34,
    0x58, 0xf1, 0x3, 0xb0, 0x96, 0xee, 0xcb, 0xa8,
    0xb8, 0x7, 0x70, 0xb3, 0x0, 0x0, 0x0, 0x12,
    0xb, 0x91, 0xe0, 0x3c, 0xcc, 0xcc, 0xb0, 0x1,
    0xbd, 0xa0, 0x4b, 0x22, 0x23, 0xe0, 0x0, 0xe,
    0xd1, 0x4a, 0x0, 0x1, 0xe0, 0x0, 0x8b, 0x8b,
    0x4a, 0x0, 0x1, 0xe0, 0x8, 0xe1, 0x2, 0x4e,
    0xaa, 0xab, 0xe0, 0xa, 0x20, 0x0, 0x4c, 0x33,
    0x34, 0xe0,

    /* U+5B50 "子" */
    0x0, 0x0, 0x0, 0x0, 0x0, 0x0, 0x0, 0x0,
    0xaf, 0xff, 0xff, 0xff, 0xfe, 0x10, 0x0, 0x0,
    0x0, 0x0, 0x7, 0xf5, 0x0, 0x0, 0x0, 0x0,
    0x1, 0xae, 0x30, 0x0, 0x0, 0x0, 0x0, 0x3e,
    0x90, 0x0, 0x0, 0x0, 0x0, 0x0, 0x4c, 0x0,
    0x0, 0x0, 0x4, 0x44, 0x44, 0x8d, 0x44, 0x44,
    0x42, 0xb, 0xbb, 0xbb, 0xde, 0xbb, 0xbb, 0xb5,
    0x0, 0x0, 0x0, 0x4b, 0x0, 0x0, 0x0, 0x0,
    0x0, 0x0, 0x4b, 0x0, 0x0, 0x0, 0x0, 0x0,
    0x0, 0x4b, 0x0, 0x0, 0x0, 0x0, 0x0, 0x0,
    0x6b, 0x0, 0x0, 0x0, 0x0, 0x0, 0xef, 0xe6,
    0x0, 0x0, 0x0,

    /* U+5B57 "字" */
    0x0, 0x0, 0x7, 0x10, 0x0, 0x0, 0x0, 0x0,
    0xa, 0x90, 0x0, 0x0, 0xdf, 0xff, 0xff, 0xff,
    0xff, 0xfd, 0xd2, 0x0, 0x0, 0x0, 0x0, 0x3d,
    0xa2, 0xae, 0xee, 0xee, 0xe8, 0x3a, 0x0, 0x0,
    0x0, 0x1a, 0xe3, 0x0, 0x0, 0x0, 0x2, 0xbb,
    0x20, 0x0, 0x0, 0x0, 0x9, 0xa0, 0x0, 0x0,
    0xff, 0xff, 0xff, 0xff, 0xff, 0xfe, 0x0, 0x0,
    0x8, 0x80, 0x0, 0x0, 0x0, 0x0, 0x8, 0x80,
    0x0, 0x0, 0x0, 0x0, 0x9, 0x80, 0x0, 0x0,
    0x0, 0xb, 0xfe, 0x40, 0x0, 0x0,

    /* U+5B58 "存" */
    0x0, 0x0, 0x8, 0x30, 0x0, 0x0, 0x0, 0x0,
    0x0, 0xf, 0x20, 0x0, 0x0, 0x0, 0xf, 0xff,
    0xff, 0xff, 0xff, 0xff, 0xf1, 0x0, 0x1, 0xe4,
    0x0, 0x0, 0x0, 0x0, 0x0, 0x8, 0xb0, 0x11,
    0x11, 0x11, 0x0, 0x0, 0x2f, 0x31, 0xdd, 0xdd,
    0xef, 0x20, 0x3, 0xeb, 0x0, 0x0, 0x7, 0xc3,
    0x0, 0x3f, 0xcb, 0x0, 0x0, 0x6b, 0x0, 0x0,
    0x25, 0x4b, 0x4e, 0xee, 0xff, 0xee, 0xe5, 0x0,
    0x4b, 0x0, 0x0, 0x7a, 0x0, 0x0, 0x0, 0x4b,
    0x0, 0x0, 0x69, 0x0, 0x0, 0x0, 0x4b, 0x0,
    0x0, 0x79, 0x0, 0x0, 0x0, 0x4b, 0x0, 0x8f,
    0xe5, 0x0, 0x0, 0x0, 0x0, 0x0, 0x0, 0x0,
    0x0, 0x0,

    /* U+5B9E "实" */
    0x0, 0x0, 0x8, 0x20, 0x0, 0x0, 0x0, 0x0,
    0x0, 0x8b, 0x0, 0x0, 0x0, 0xaf, 0xee, 0xee,
    0xee, 0xee, 0xfb, 0xa, 0x52, 0x40, 0xa, 0x10,
    0x5, 0xb0, 0x84, 0x3e, 0x80, 0xf0, 0x0, 0x48,
    0x0, 0x10, 0x18, 0x1f, 0x0, 0x0, 0x0, 0x9,
    0xc2, 0x3, 0xd0, 0x0, 0x0, 0x0, 0x4, 0x60,
    0x6a, 0x0, 0x0, 0x0, 0xcc, 0xcc, 0xce, 0xec,
    0xcc, 0xcc, 0x1, 0x11, 0x15, 0xe3, 0x61, 0x11,
    0x10, 0x0, 0x5, 0xe4, 0x2a, 0xd7, 0x0, 0x2,
    0x7d, 0xc3, 0x0, 0x2, 0xad, 0x40, 0x69, 0x40,
    0x0, 0x0, 0x0, 0x37, 0x0,

    /* U+5DF2 "已" */
    0xef, 0xff, 0xff, 0xff, 0xff, 0x40, 0x0, 0x0,
    0x0, 0x0, 0x0, 0xc4, 0x0, 0x1, 0x0, 0x0,
    0x0, 0xc, 0x40, 0x0, 0xe1, 0x0, 0x0, 0x0,
    0xc4, 0x0, 0xe, 0x20, 0x0, 0x0, 0xc, 0x40,
    0x0, 0xef, 0xff, 0xff, 0xff, 0xf4, 0x0, 0xe,
    0x10, 0x0, 0x0, 0x5, 0x10, 0x0, 0xe1, 0x0,
    0x0, 0x0, 0x0, 0x0, 0xe, 0x10, 0x0, 0x0,
    0x0, 0x1d, 0x0, 0xe2, 0x0, 0x0, 0x0, 0x3,
    0xd0, 0xd, 0x60, 0x0, 0x0, 0x1, 0xa9, 0x0,
    0x5d, 0xff, 0xff, 0xff, 0xfb, 0x10,

    /* U+5E27 "帧" */
    0x0, 0x0, 0x0, 0x0, 0x0, 0x0, 0x0, 0xe,
    0x0, 0x0, 0xe, 0x10, 0x0, 0x0, 0xe0, 0x0,
    0x0, 0xe4, 0x33, 0x0, 0xe, 0x0, 0x0, 0xe,
    0xbb, 0xb2, 0xcd, 0xfd, 0xb0, 0x0, 0xe2, 0x0,
    0xd, 0x1e, 0x1d, 0x2f, 0xdd, 0xde, 0xb0, 0xc0,
    0xe0, 0xc2, 0xb0, 0x30, 0x3b, 0xc, 0xe, 0xc,
    0x2b, 0xd, 0x23, 0xb0, 0xc0, 0xe0, 0xc2, 0xb0,
    0xd2, 0x3b, 0xc, 0xe, 0xd, 0x2b, 0xd, 0x13,
    0xb0, 0xc0, 0xe9, 0x82, 0xb1, 0xe0, 0x3b, 0x0,
    0xe, 0x0, 0x1, 0xa8, 0x71, 0x0, 0x0, 0xe0,
    0x3, 0xca, 0x6, 0xd5, 0x0, 0xe, 0x3, 0xd5,
    0x0, 0x1, 0xb2, 0x0, 0x0, 0x0, 0x0, 0x0,
    0x0, 0x0,

    /* U+5E38 "常" */
    0x7, 0x40, 0x5, 0xa0, 0x7, 0x60, 0x3, 0xe0,
    0x5, 0xa0, 0x3e, 0x10, 0xab, 0xdb, 0xbd, 0xeb,
    0xcd, 0xbb, 0xe4, 0x22, 0x22, 0x22, 0x22, 0x4e,
    0xe1, 0xbc, 0xcc, 0xcc, 0xc9, 0x1e, 0x60, 0xe1,
    0x0, 0x0, 0x4c, 0x6, 0x0, 0xe9, 0x88, 0x88,
    0xac, 0x0, 0x0, 0x22, 0x26, 0xc2, 0x21, 0x0,
    0xc, 0xcc, 0xcd, 0xfc, 0xcc, 0xc0, 0xe, 0x22,
    0x26, 0xc2, 0x22, 0xf0, 0xe, 0x0, 0x4, 0xc0,
    0x0, 0xf0, 0xe, 0x0, 0x4, 0xc0, 0x33, 0xf0,
    0x9, 0x0, 0x4, 0xc0, 0x9b, 0x70,

    /* U+5EA6 "度" */
    0x0, 0x0, 0x0, 0x6, 0x0, 0x0, 0x0, 0x0,
    0x11, 0x11, 0x1b, 0x71, 0x11, 0x10, 0x0, 0xfd,
    0xdd, 0xdd, 0xdd, 0xdd, 0xd5, 0x0, 0xf0, 0x2,
    0xc0, 0x0, 0xf0, 0x0, 0x0, 0xf8, 0xde, 0xfd,
    0xdd, 0xfd, 0xd3, 0x0, 0xf0, 0x2, 0xc0, 0x0,
    0xf0, 0x0, 0x1, 0xf0, 0x2, 0xe8, 0x88, 0xf0,
    0x0, 0x2, 0xd0, 0x0, 0x44, 0x44, 0x40, 0x0,
    0x3, 0xc5, 0xdd, 0xdd, 0xdd, 0xdd, 0x10, 0x5,
    0xb0, 0x9, 0x90, 0x0, 0xb7, 0x0, 0x8, 0x80,
    0x0, 0x9c, 0x6d, 0x60, 0x0, 0xd, 0x32, 0x47,
    0xae, 0xdd, 0x84, 0x10, 0x1a, 0xb, 0xa8, 0x40,
    0x2, 0x7a, 0xd4,

    /* U+5EB7 "康" */
    0x0, 0x0, 0x0, 0x0, 0x0, 0x0, 0x0, 0x0,
    0x0, 0x0, 0xc, 0x50, 0x0, 0x0, 0x0, 0xbb,
    0xbb, 0xbd, 0xeb, 0xbb, 0xb3, 0x1, 0xf3, 0x33,
    0x37, 0xc3, 0x33, 0x31, 0x1, 0xe2, 0x99, 0x9b,
    0xe9, 0x99, 0x0, 0x1, 0xe0, 0x22, 0x26, 0xc2,
    0x2e, 0x10, 0x1, 0xe9, 0xcc, 0xcd, 0xfc, 0xcf,
    0xd6, 0x2, 0xd0, 0x0, 0x4, 0xb0, 0xe, 0x10,
    0x3, 0xc4, 0xbb, 0xbd, 0xeb, 0xbf, 0x10, 0x3,
    0xb3, 0xa1, 0x4, 0xe1, 0x7, 0x40, 0x6, 0x90,
    0x4d, 0x28, 0xea, 0xb8, 0x0, 0x9, 0x60, 0x4a,
    0xca, 0xb4, 0xc3, 0x0, 0xe, 0x2d, 0xa4, 0x4,
    0xb0, 0x3b, 0xc3, 0x1a, 0x0, 0x8, 0xde, 0x70,
    0x0, 0x20,

    /* U+5F0F "式" */
    0x0, 0x0, 0x0, 0x1, 0xf0, 0xb3, 0x0, 0x0,
    0x0, 0x0, 0x0, 0xf0, 0x4e, 0x30, 0x0, 0x0,
    0x0, 0x1, 0xf1, 0x5, 0x30, 0x2f, 0xff, 0xff,
    0xff, 0xff, 0xff, 0xf3, 0x0, 0x0, 0x0, 0x0,
    0xe2, 0x0, 0x0, 0x0, 0x0, 0x0, 0x0, 0xc4,
    0x0, 0x0, 0xa, 0xff, 0xff, 0xf7, 0xa6, 0x0,
    0x0, 0x0, 0x2, 0xd0, 0x0, 0x89, 0x0, 0x0,
    0x0, 0x2, 0xd0, 0x0, 0x4d, 0x0, 0x0, 0x0,
    0x2, 0xd0, 0x0, 0xf, 0x10, 0x31, 0x0, 0x3,
    0xd6, 0x9a, 0xb, 0x80, 0x86, 0x9, 0xcf, 0xd9,
    0x52, 0x3, 0xf4, 0xb4, 0x6, 0x40, 0x0, 0x0,
    0x0, 0x6e, 0xc0,

    /* U+5F55 "录" */
    0x0, 0x0, 0x0, 0x0, 0x0, 0x0, 0x0, 0x0,
    0xff, 0xff, 0xff, 0xff, 0xf7, 0x0, 0x0, 0x0,
    0x0, 0x0, 0x0, 0xa6, 0x0, 0x0, 0x9e, 0xee,
    0xee, 0xee, 0xf6, 0x0, 0x0, 0x0, 0x0, 0x0,
    0x0, 0xc4, 0x0, 0x3, 0x33, 0x33, 0x33, 0x33,
    0xd6, 0x30, 0xa, 0xaa, 0xaa, 0xdd, 0xaa, 0xab,
    0xa1, 0x0, 0xa6, 0x0, 0x8c, 0x0, 0x5c, 0x0,
    0x0, 0x1b, 0xb0, 0x8f, 0x88, 0xc2, 0x0, 0x0,
    0x0, 0x68, 0xe8, 0xbc, 0x0, 0x0, 0x1, 0x6c,
    0xd6, 0x98, 0xb, 0xb2, 0x0, 0xb, 0xa3, 0x0,
    0x88, 0x0, 0x5d, 0xc1, 0x0, 0x0, 0x6e, 0xe4,
    0x0, 0x0, 0x30,

    /* U+5F85 "待" */
    0x0, 0x8, 0x70, 0x0, 0x4b, 0x0, 0x0, 0x0,
    0x5d, 0x10, 0x0, 0x4b, 0x0, 0x0, 0x6, 0xe3,
    0x5, 0xff, 0xff, 0xff, 0xe0, 0xc, 0x21, 0x60,
    0x0, 0x4b, 0x0, 0x0, 0x0, 0xc, 0x80, 0x0,
    0x5c, 0x0, 0x0, 0x0, 0x9e, 0x3e, 0xee, 0xee,
    0xff, 0xe9, 0xb, 0xed, 0x0, 0x0, 0x0, 0x5a,
    0x0, 0x1a, 0x3d, 0xe, 0xee, 0xee, 0xef, 0xe7,
    0x0, 0x2d, 0x0, 0x52, 0x0, 0x5b, 0x0, 0x0,
    0x2d, 0x0, 0x8b, 0x0, 0x5a, 0x0, 0x0, 0x2d,
    0x0, 0xd, 0x50, 0x5a, 0x0, 0x0, 0x2d, 0x0,
    0x2, 0x10, 0x5a, 0x0, 0x0, 0x2d, 0x0, 0x0,
    0x4f, 0xe6, 0x0,

    /* U+5FAA "循" */
    0x0, 0x59, 0x0, 0x1, 0x35, 0x87, 0x0, 0x2,
    0xe2, 0x1d, 0xdc, 0xbf, 0x52, 0x0, 0x2e, 0x40,
    0x1d, 0x0, 0x2d, 0x0, 0x0, 0x24, 0x1d, 0x2f,
    0xbb, 0xcf, 0xbb, 0xb3, 0x0, 0x98, 0x1d, 0x22,
    0x6b, 0x22, 0x20, 0x5, 0xf1, 0x2d, 0x0, 0x59,
    0x0, 0x0, 0x4f, 0xf1, 0x2d, 0x6e, 0xdd, 0xdf,
    0x10, 0x65, 0xe1, 0x3c, 0x67, 0x0, 0xd, 0x10,
    0x0, 0xe1, 0x3b, 0x6d, 0xbb, 0xbf, 0x10, 0x0,
    0xe1, 0x5a, 0x6a, 0x44, 0x4e, 0x10, 0x0, 0xe1,
    0x87, 0x6a, 0x55, 0x5e, 0x10, 0x0, 0xe1, 0xc4,
    0x6d, 0xaa, 0xaf, 0x10, 0x0, 0xe1, 0xc0, 0x69,
    0x22, 0x2d, 0x10, 0x0, 0x0, 0x0, 0x0, 0x0,
    0x0, 0x0,

    /* U+5FD7 "志" */
    0x0, 0x0, 0x0, 0x87, 0x0, 0x0, 0x0, 0x0,
    0x0, 0x0, 0x87, 0x0, 0x0, 0x0, 0x2e, 0xee,
    0xee, 0xff, 0xee, 0xee, 0xe3, 0x1, 0x11, 0x11,
    0x98, 0x11, 0x11, 0x10, 0x0, 0x0, 0x0, 0x87,
    0x0, 0x0, 0x0, 0x0, 0x11, 0x11, 0x98, 0x11,
    0x11, 0x0, 0x3, 0xdd, 0xdd, 0xdd, 0xdd, 0xdd,
    0x50, 0x0, 0x0, 0x5, 0x80, 0x0, 0x0, 0x0,
    0x0, 0x21, 0x60, 0x8d, 0x20, 0x23, 0x0, 0x2,
    0xe3, 0xd0, 0x5, 0xc0, 0x4d, 0x0, 0x7, 0x92,
    0xd0, 0x0, 0x1, 0x5b, 0x60, 0x1e, 0x22, 0xd0,
    0x0, 0x5, 0xb4, 0xe0, 0x4, 0x0, 0xcf, 0xee,
    0xfe, 0x50, 0x60,

    /* U+6001 "态" */
    0x0, 0x0, 0x0, 0x88, 0x0, 0x0, 0x0, 0x0,
    0x0, 0x0, 0xa6, 0x0, 0x0, 0x0, 0x2e, 0xee,
    0xee, 0xff, 0xee, 0xee, 0xe3, 0x0, 0x0, 0x4,
    0xdb, 0x60, 0x0, 0x0, 0x0, 0x0, 0xc, 0x73,
    0xe1, 0x0, 0x0, 0x0, 0x0, 0x9c, 0x10, 0x8d,
    0x10, 0x0, 0x0, 0x3c, 0xc6, 0xe5, 0xa, 0xe6,
    0x0, 0x1c, 0xe7, 0x0, 0x3e, 0x30, 0x5e, 0xf2,
    0x4, 0x0, 0x10, 0xc3, 0x0, 0x12, 0x30, 0x0,
    0xe3, 0xc0, 0x4e, 0x20, 0x3d, 0x0, 0x5, 0xb3,
    0xc0, 0x6, 0x70, 0x5b, 0x60, 0xc, 0x53, 0xd0,
    0x0, 0x3, 0xc4, 0xc0, 0x8, 0x0, 0xcf, 0xee,
    0xef, 0x60, 0x80,

    /* U+603B "总" */
    0x0, 0x0, 0x80, 0x0, 0x2, 0x70, 0x0, 0x0,
    0x0, 0x99, 0x0, 0xb, 0x80, 0x0, 0x0, 0x0,
    0x1e, 0x10, 0x4d, 0x0, 0x0, 0x0, 0x2e, 0xef,
    0xee, 0xff, 0xec, 0x0, 0x0, 0x2e, 0x0, 0x0,
    0x0, 0x5d, 0x0, 0x0, 0x2e, 0x0, 0x0, 0x0,
    0x4d, 0x0, 0x0, 0x2f, 0x33, 0x33, 0x33, 0x7d,
    0x0, 0x0, 0x2b, 0xbb, 0xcb, 0xbb, 0xb9, 0x0,
    0x0, 0x0, 0x31, 0x9a, 0x0, 0x2, 0x0, 0x0,
    0xe0, 0xd4, 0x8, 0xd1, 0xb, 0x70, 0x6, 0xb0,
    0xd4, 0x0, 0x50, 0x21, 0xe2, 0xe, 0x40, 0xd4,
    0x0, 0x0, 0xc4, 0x68, 0x3, 0x0, 0x7e, 0xee,
    0xef, 0xc0, 0x0,

    /* U+6210 "成" */
    0x0, 0x0, 0x0, 0x2, 0xe3, 0xa1, 0x0, 0x0,
    0x0, 0x0, 0x2, 0xe0, 0x8d, 0x20, 0x0, 0x11,
    0x11, 0x13, 0xf1, 0x19, 0x50, 0x2, 0xfe, 0xee,
    0xee, 0xfe, 0xee, 0xe4, 0x2, 0xe0, 0x0, 0x0,
    0xf1, 0x0, 0x0, 0x2, 0xf4, 0x44, 0x10, 0xd3,
    0xb, 0x40, 0x2, 0xfa, 0xae, 0x40, 0xb5, 0x3e,
    0x0, 0x3, 0xd0, 0xc, 0x30, 0x88, 0xb8, 0x0,
    0x4, 0xc0, 0xd, 0x30, 0x4d, 0xe0, 0x0, 0x5,
    0xb0, 0xe, 0x10, 0x2f, 0x50, 0x31, 0x9, 0x89,
    0xec, 0x2, 0xee, 0x70, 0x85, 0xe, 0x40, 0x0,
    0x7e, 0x43, 0xe3, 0xc2, 0x3c, 0x0, 0x5, 0xb1,
    0x0, 0x6e, 0xb0, 0x0, 0x0, 0x0, 0x0, 0x0,
    0x0, 0x0,

    /* U+62A5 "报" */
    0x0, 0x1f, 0x0, 0x0, 0x0, 0x0, 0x0, 0x0,
    0x1f, 0x0, 0xdf, 0xff, 0xff, 0xc0, 0x0, 0x1f,
    0x0, 0xd2, 0x0, 0x5, 0xb0, 0x1f, 0xff, 0xf7,
    0xd2, 0x14, 0x3a, 0x80, 0x1, 0x2f, 0x10, 0xd2,
    0x8, 0x87, 0x10, 0x0, 0x1f, 0x0, 0xdb, 0xaa,
    0xaa, 0xa1, 0x0, 0x2f, 0x97, 0xd8, 0xd3, 0x35,
    0xe0, 0x2c, 0xff, 0x72, 0xd3, 0xd3, 0x7, 0x90,
    0x6, 0x3f, 0x0, 0xd2, 0x5c, 0x1e, 0x30, 0x0,
    0x1f, 0x0, 0xd2, 0xa, 0xd9, 0x0, 0x0, 0x1f,
    0x0, 0xd2, 0x8, 0xf8, 0x0, 0x0, 0x2f, 0x0,
    0xd3, 0xac, 0x4d, 0xa1, 0xe, 0xf9, 0x0, 0xd9,
    0xa0, 0x1, 0xa6, 0x0, 0x0, 0x0, 0x0, 0x0,
    0x0, 0x0,

    /* U+62E9 "择" */
    0x0, 0x96, 0x0, 0x0, 0x0, 0x0, 0x0, 0x0,
    0x96, 0x7, 0xff, 0xee, 0xef, 0x80, 0x0, 0x96,
    0x0, 0x3d, 0x20, 0x4e, 0x10, 0x6e, 0xff, 0xe1,
    0x5, 0xd5, 0xe3, 0x0, 0x0, 0x97, 0x0, 0x2,
    0xcf, 0x90, 0x0, 0x0, 0x96, 0x7, 0xbd, 0x51,
    0x9e, 0x93, 0x0, 0x9b, 0xb5, 0x20, 0x2b, 0x0,
    0x52, 0x5e, 0xfa, 0x32, 0xbb, 0xcf, 0xbb, 0x50,
    0x22, 0x96, 0x0, 0x22, 0x5d, 0x22, 0x10, 0x0,
    0x96, 0x0, 0x0, 0x3c, 0x0, 0x0, 0x0, 0x96,
    0xe, 0xee, 0xff, 0xee, 0xe7, 0x0, 0x96, 0x0,
    0x0, 0x3c, 0x0, 0x0, 0xe, 0xe3, 0x0, 0x0,
    0x3c, 0x0, 0x0,

    /* U+6302 "挂" */
    0x0, 0x0, 0x0, 0x0, 0x0, 0x0, 0x0, 0x0,
    0x78, 0x0, 0x0, 0x1e, 0x0, 0x0, 0x0, 0x78,
    0x0, 0x0, 0x1e, 0x0, 0x0, 0x0, 0x78, 0x2,
    0xff, 0xff, 0xff, 0xb0, 0x3e, 0xff, 0xe1, 0x11,
    0x3e, 0x11, 0x10, 0x0, 0x79, 0x0, 0x0, 0x1e,
    0x0, 0x0, 0x0, 0x78, 0xa, 0xee, 0xef, 0xee,
    0xe6, 0x0, 0x79, 0x41, 0x0, 0x2, 0x0, 0x0,
    0x28, 0xdd, 0x81, 0x0, 0x1e, 0x0, 0x0, 0x14,
    0x88, 0x5, 0xee, 0xef, 0xee, 0xe0, 0x0, 0x78,
    0x0, 0x0, 0x2e, 0x0, 0x0, 0x0, 0x78, 0x0,
    0x0, 0x1e, 0x0, 0x0, 0x0, 0x78, 0x12, 0x22,
    0x4e, 0x22, 0x21, 0xe, 0xe4, 0x4c, 0xcc, 0xcc,
    0xcc, 0xc7, 0x0, 0x0, 0x0, 0x0, 0x0, 0x0,
    0x0,

    /* U+63A5 "接" */
    0x0, 0x77, 0x0, 0x0, 0x84, 0x0, 0x0, 0x0,
    0x77, 0x0, 0x0, 0x6b, 0x0, 0x0, 0x0, 0x77,
    0x5, 0xdd, 0xdd, 0xdd, 0xd1, 0x1b, 0xdd, 0xa0,
    0x2a, 0x0, 0x4a, 0x0, 0x2, 0x98, 0x10, 0x9,
    0x30, 0xd2, 0x0, 0x0, 0x77, 0xc, 0xee, 0xee,
    0xee, 0xe7, 0x0, 0x8a, 0x60, 0x1, 0xd0, 0x0,
    0x0, 0x2c, 0xfc, 0x5c, 0xcd, 0xec, 0xcc, 0xc8,
    0x14, 0x87, 0x1, 0x5d, 0x11, 0x5d, 0x11, 0x0,
    0x77, 0x0, 0xd9, 0x10, 0xb6, 0x0, 0x0, 0x77,
    0x0, 0x28, 0xed, 0xd0, 0x0, 0x0, 0x87, 0x0,
    0x38, 0xd9, 0xdc, 0x30, 0xc, 0xe3, 0x1e, 0xb7,
    0x10, 0x6, 0xd1, 0x0, 0x0, 0x0, 0x0, 0x0,
    0x0, 0x0,

    /* U+63A7 "控" */
    0x0, 0x77, 0x0, 0x0, 0x4a, 0x0, 0x0, 0x0,
    0x77, 0x1, 0x11, 0x2f, 0x21, 0x10, 0x0, 0x77,
    0xa, 0xed, 0xdd, 0xdd, 0xf3, 0x2f, 0xff, 0xea,
    0x50, 0x20, 0x10, 0xb3, 0x0, 0x77, 0x4, 0x29,
    0x90, 0xb6, 0x31, 0x0, 0x77, 0x1, 0xba, 0x0,
    0xb, 0x60, 0x0, 0x7a, 0x73, 0x70, 0x0, 0x0,
    0x50, 0x19, 0xed, 0x60, 0xee, 0xee, 0xee, 0x60,
    0x28, 0x97, 0x0, 0x0, 0x1e, 0x0, 0x0, 0x0,
    0x77, 0x0, 0x0, 0x1e, 0x0, 0x0, 0x0, 0x77,
    0x0, 0x0, 0x1e, 0x0, 0x0, 0x0, 0x77, 0x1,
    0x11, 0x3e, 0x11, 0x10, 0xd, 0xe3, 0x1c, 0xcc,
    0xcc, 0xcc, 0xc5,

    /* U+63D2 "插" */
    0x0, 0xe1, 0x0, 0x0, 0x3, 0x7b, 0x10, 0x0,
    0xe1, 0x5, 0xde, 0xfe, 0xa7, 0x10, 0x0, 0xe1,
    0x0, 0x0, 0x4a, 0x0, 0x0, 0x4b, 0xfc, 0x53,
    0x33, 0x7b, 0x33, 0x30, 0x14, 0xf5, 0x2b, 0xbb,
    0xce, 0xbb, 0xb0, 0x0, 0xe1, 0x0, 0x3, 0x4a,
    0x0, 0x0, 0x0, 0xe3, 0x28, 0xd9, 0x4a, 0xbe,
    0x90, 0x28, 0xfe, 0x6a, 0x50, 0x4a, 0x4, 0x90,
    0x69, 0xf1, 0xa, 0x72, 0x4a, 0x26, 0x90, 0x0,
    0xe1, 0xa, 0xcb, 0x5a, 0x8c, 0x90, 0x0, 0xe1,
    0xa, 0x50, 0x4a, 0x4, 0x90, 0x0, 0xe1, 0xa,
    0xdc, 0xde, 0xcd, 0x90, 0xe, 0xc0, 0xa, 0x72,
    0x22, 0x26, 0x90, 0x0, 0x0, 0x0, 0x0, 0x0,
    0x0, 0x0,

    /* U+6536 "收" */
    0x0, 0x0, 0x0, 0x1, 0x10, 0x0, 0x0, 0x0,
    0x0, 0xe2, 0x8, 0x90, 0x0, 0x0, 0x5, 0x10,
    0xe2, 0xc, 0x60, 0x0, 0x0, 0xd, 0x20, 0xe2,
    0xf, 0x30, 0x0, 0x0, 0xd, 0x20, 0xe2, 0x4f,
    0xff, 0xff, 0xe0, 0xd, 0x20, 0xe2, 0xad, 0x0,
    0x4b, 0x0, 0xd, 0x20, 0xe4, 0xfe, 0x10, 0x87,
    0x0, 0xd, 0x20, 0xe9, 0x86, 0x70, 0xc3, 0x0,
    0xd, 0x20, 0xe2, 0x0, 0xd3, 0xd0, 0x0, 0xd,
    0x69, 0xf2, 0x0, 0x9e, 0x60, 0x0, 0x2f, 0xc6,
    0xe2, 0x0, 0x6f, 0x20, 0x0, 0x3, 0x0, 0xe2,
    0x3, 0xe9, 0xd1, 0x0, 0x0, 0x0, 0xe2, 0x7e,
    0x40, 0x8e, 0x40, 0x0, 0x0, 0xe5, 0xc2, 0x0,
    0x5, 0x90,

    /* U+6545 "故" */
    0x0, 0x9, 0x60, 0x0, 0xa4, 0x0, 0x0, 0x0,
    0x9, 0x60, 0x0, 0xf2, 0x0, 0x0, 0x0, 0x9,
    0x60, 0x3, 0xe1, 0x0, 0x0, 0x2e, 0xef, 0xfe,
    0xd7, 0xfe, 0xef, 0xf5, 0x0, 0xa, 0x70, 0x1d,
    0x90, 0xb, 0x40, 0x0, 0x9, 0x60, 0x5e, 0xd0,
    0xe, 0x0, 0x2, 0x3b, 0x93, 0xd5, 0xd1, 0x3c,
    0x0, 0x9, 0xdb, 0xbe, 0x60, 0x97, 0x97, 0x0,
    0x9, 0x60, 0x9, 0x50, 0x3d, 0xe1, 0x0, 0x9,
    0x60, 0x9, 0x50, 0xd, 0xa0, 0x0, 0x9, 0x84,
    0x4b, 0x50, 0x7e, 0xe3, 0x0, 0x9, 0xdb, 0xbb,
    0x59, 0xd1, 0x6e, 0x40, 0x6, 0x40, 0x1, 0xf9,
    0x10, 0x6, 0xf3, 0x0, 0x0, 0x0, 0x10, 0x0,
    0x0, 0x10,

    /* U+6587 "文" */
    0x0, 0x0, 0x0, 0x52, 0x0, 0x0, 0x0, 0x0,
    0x0, 0x0, 0x7b, 0x0, 0x0, 0x0, 0x0, 0x0,
    0x0, 0x2d, 0x20, 0x0, 0x0, 0x1f, 0xff, 0xff,
    0xff, 0xff, 0xff, 0xf7, 0x0, 0xa, 0x60, 0x0,
    0x2, 0xf1, 0x0, 0x0, 0x2, 0xe0, 0x0, 0xa,
    0x80, 0x0, 0x0, 0x0, 0xa8, 0x0, 0x2f, 0x10,
    0x0, 0x0, 0x0, 0x1e, 0x40, 0xd6, 0x0, 0x0,
    0x0, 0x0, 0x4, 0xeb, 0xa0, 0x0, 0x0, 0x0,
    0x0, 0x1, 0xdf, 0x50, 0x0, 0x0, 0x0, 0x0,
    0x5e, 0x95, 0xe9, 0x10, 0x0, 0x1, 0x6c, 0xe4,
    0x0, 0x1b, 0xe9, 0x30, 0x1e, 0xc5, 0x0, 0x0,
    0x0, 0x39, 0xf5, 0x1, 0x0, 0x0, 0x0, 0x0,
    0x0, 0x0,

    /* U+65B0 "新" */
    0x0, 0x6, 0x10, 0x0, 0x0, 0x1, 0x10, 0x0,
    0x9, 0x70, 0x0, 0x48, 0xbe, 0x70, 0x1d, 0xdd,
    0xdd, 0xd4, 0xe6, 0x30, 0x0, 0x1, 0xd0, 0xd,
    0x13, 0xb0, 0x0, 0x0, 0x0, 0xb1, 0x4b, 0x3,
    0xb0, 0x0, 0x0, 0x4d, 0xde, 0xed, 0xd7, 0xff,
    0xff, 0xf5, 0x0, 0x7, 0x70, 0x4, 0xb0, 0x1e,
    0x0, 0x3e, 0xef, 0xfe, 0xe6, 0xa0, 0x1e, 0x0,
    0x0, 0x37, 0x74, 0x6, 0x90, 0x1e, 0x0, 0x6,
    0x87, 0x7a, 0x47, 0x80, 0x1e, 0x0, 0xd, 0x17,
    0x73, 0xba, 0x50, 0x1e, 0x0, 0x15, 0x7, 0x70,
    0x3e, 0x0, 0x1e, 0x0, 0x0, 0x7e, 0x40, 0x48,
    0x0, 0x1e, 0x0,

    /* U+65B9 "方" */
    0x0, 0x0, 0x0, 0x42, 0x0, 0x0, 0x0, 0x0,
    0x0, 0x0, 0x8b, 0x0, 0x0, 0x0, 0x1, 0x11,
    0x11, 0x2d, 0x11, 0x11, 0x10, 0xe, 0xee, 0xff,
    0xee, 0xee, 0xee, 0xe0, 0x0, 0x0, 0x4e, 0x0,
    0x0, 0x0, 0x0, 0x0, 0x0, 0x5c, 0x0, 0x0,
    0x0, 0x0, 0x0, 0x0, 0x7f, 0xff, 0xff, 0xfa,
    0x0, 0x0, 0x0, 0xa6, 0x0, 0x0, 0x78, 0x0,
    0x0, 0x0, 0xe2, 0x0, 0x0, 0x87, 0x0, 0x0,
    0x7, 0xc0, 0x0, 0x0, 0xa5, 0x0, 0x0, 0x1e,
    0x40, 0x0, 0x0, 0xd3, 0x0, 0x2, 0xd8, 0x0,
    0x0, 0x2, 0xf0, 0x0, 0x1e, 0x70, 0x0, 0x2f,
    0xff, 0x70, 0x0, 0x0, 0x0, 0x0, 0x0, 0x0,
    0x0, 0x0,

    /* U+65E0 "无" */
    0x5, 0xff, 0xff, 0xff, 0xff, 0xff, 0x70, 0x0,
    0x0, 0x0, 0xc4, 0x0, 0x0, 0x0, 0x0, 0x0,
    0x0, 0xd2, 0x0, 0x0, 0x0, 0x0, 0x0, 0x0,
    0xe1, 0x0, 0x0, 0x0, 0x3d, 0xdd, 0xdd, 0xfe,
    0xdd, 0xdd, 0xd3, 0x2, 0x22, 0x26, 0xcd, 0x52,
    0x22, 0x20, 0x0, 0x0, 0x9, 0x7d, 0x30, 0x0,
    0x0, 0x0, 0x0, 0x1e, 0x2d, 0x30, 0x0, 0x0,
    0x0, 0x0, 0xa9, 0xd, 0x30, 0x0, 0x20, 0x0,
    0x8, 0xd1, 0xd, 0x30, 0x0, 0xa5, 0x1, 0xae,
    0x20, 0xd, 0x50, 0x0, 0xd3, 0x2f, 0xa1, 0x0,
    0x7, 0xff, 0xff, 0xb0, 0x2, 0x0, 0x0, 0x0,
    0x0, 0x0, 0x0,

    /* U+65F6 "时" */
    0x0, 0x0, 0x0, 0x0, 0x2, 0xd0, 0xb, 0xcc,
    0xc2, 0x0, 0x0, 0x2d, 0x0, 0xe5, 0x4d, 0x30,
    0x0, 0x2, 0xd0, 0xe, 0x10, 0xc4, 0xff, 0xff,
    0xff, 0xf8, 0xe1, 0xc, 0x31, 0x11, 0x14, 0xd1,
    0xe, 0xcc, 0xf3, 0x49, 0x0, 0x2d, 0x0, 0xe3,
    0x2c, 0x30, 0xd5, 0x2, 0xd0, 0xe, 0x10, 0xc3,
    0x4, 0xe0, 0x2d, 0x0, 0xe1, 0xc, 0x30, 0xb,
    0x62, 0xd0, 0xe, 0x43, 0xd3, 0x0, 0x0, 0x2d,
    0x0, 0xeb, 0xbb, 0x20, 0x0, 0x2, 0xd0, 0x8,
    0x0, 0x0, 0x0, 0x0, 0x4d, 0x0, 0x0, 0x0,
    0x0, 0xf, 0xfe, 0x70, 0x0,

    /* U+6682 "暂" */
    0x0, 0xa, 0x10, 0x0, 0x0, 0x25, 0x40, 0x2c,
    0xdf, 0xdc, 0xc3, 0xed, 0xb8, 0x40, 0x2, 0xc1,
    0x70, 0x0, 0xf0, 0x0, 0x0, 0xe, 0xda, 0xfb,
    0xa3, 0xfc, 0xcc, 0xc3, 0x3, 0x22, 0xe3, 0x23,
    0xd0, 0x2d, 0x0, 0x5, 0x68, 0xfb, 0xd7, 0xa0,
    0x1d, 0x0, 0x1a, 0x86, 0xf3, 0xb, 0x40, 0x1d,
    0x0, 0x0, 0x0, 0xa0, 0x6, 0x0, 0x19, 0x0,
    0x0, 0x8e, 0xdd, 0xdd, 0xdd, 0xdc, 0x0, 0x0,
    0x87, 0x0, 0x0, 0x0, 0x3c, 0x0, 0x0, 0x8e,
    0xcc, 0xcc, 0xcc, 0xdc, 0x0, 0x0, 0x87, 0x0,
    0x0, 0x0, 0x4c, 0x0, 0x0, 0x8e, 0xcc, 0xcc,
    0xcc, 0xdc, 0x0,

    /* U+6700 "最" */
    0x0, 0xad, 0xbb, 0xbb, 0xbb, 0xe6, 0x0, 0x0,
    0xac, 0xbb, 0xbb, 0xbb, 0xe6, 0x0, 0x0, 0xa5,
    0x0, 0x0, 0x0, 0x96, 0x0, 0x0, 0xae, 0xdd,
    0xdd, 0xdd, 0xe6, 0x0, 0x2, 0x22, 0x22, 0x22,
    0x22, 0x22, 0x20, 0x4c, 0xfb, 0xbe, 0xdb, 0xbb,
    0xbb, 0xb0, 0x1, 0xe6, 0x6c, 0x67, 0x77, 0x77,
    0x40, 0x1, 0xe4, 0x4b, 0x68, 0xc4, 0x5d, 0x50,
    0x1, 0xfc, 0xce, 0x60, 0xb4, 0x6c, 0x0, 0x1,
    0xd0, 0x1a, 0x90, 0x2d, 0xd1, 0x0, 0x4c, 0xfd,
    0xce, 0xb4, 0xac, 0xda, 0x30, 0x12, 0x0, 0x9,
    0x7c, 0x40, 0x5, 0xc1,

    /* U+672A "未" */
    0x0, 0x0, 0x0, 0x88, 0x0, 0x0, 0x0, 0x0,
    0x0, 0x0, 0x88, 0x0, 0x0, 0x0, 0x0, 0x33,
    0x33, 0xa9, 0x33, 0x33, 0x0, 0x1, 0xcc, 0xcc,
    0xee, 0xcc, 0xcc, 0x20, 0x0, 0x0, 0x0, 0x88,
    0x0, 0x0, 0x0, 0x0, 0x0, 0x0, 0x88, 0x0,
    0x0, 0x0, 0x1f, 0xff, 0xff, 0xff, 0xff, 0xff,
    0xf2, 0x0, 0x0, 0x9, 0xff, 0x80, 0x0, 0x0,
    0x0, 0x0, 0x8c, 0x98, 0xc6, 0x0, 0x0, 0x0,
    0x8, 0xc0, 0x88, 0x1c, 0x70, 0x0, 0x2, 0xbb,
    0x10, 0x88, 0x1, 0xcb, 0x20, 0x2e, 0x60, 0x0,
    0x88, 0x0, 0x8, 0xf2, 0x0, 0x0, 0x0, 0x88,
    0x0, 0x0, 0x10,

    /* U+673A "机" */
    0x0, 0xe, 0x0, 0x0, 0x0, 0x0, 0x0, 0x0,
    0xe, 0x0, 0xf, 0xff, 0xfd, 0x0, 0x0, 0xe,
    0x0, 0xf, 0x0, 0x2d, 0x0, 0x3e, 0xef, 0xfe,
    0x2f, 0x0, 0x2d, 0x0, 0x0, 0x4f, 0x10, 0xf,
    0x0, 0x2d, 0x0, 0x0, 0x9f, 0x40, 0xf, 0x0,
    0x2d, 0x0, 0x0, 0xde, 0xd2, 0xf, 0x0, 0x2d,
    0x0, 0x5, 0x8e, 0x4d, 0x2f, 0x0, 0x2d, 0x0,
    0xd, 0x2e, 0x5, 0x4c, 0x0, 0x2d, 0x0, 0x69,
    0xe, 0x0, 0x79, 0x0, 0x2d, 0x5, 0x11, 0xe,
    0x0, 0xd3, 0x0, 0x2d, 0xc, 0x0, 0xe, 0x6,
    0xc0, 0x0, 0x2d, 0xc, 0x0, 0xe, 0x1c, 0x10,
    0x0, 0xd, 0xf7, 0x0, 0x0, 0x0, 0x0, 0x0,
    0x0, 0x0,

    /* U+6781 "极" */
    0x0, 0x3b, 0x0, 0x0, 0x0, 0x0, 0x0, 0x0,
    0x3b, 0x8, 0xff, 0xff, 0xf6, 0x0, 0x0, 0x4b,
    0x0, 0xf, 0x0, 0xc2, 0x0, 0x1f, 0xff, 0xf4,
    0x1e, 0x0, 0xe0, 0x0, 0x0, 0x8d, 0x0, 0x2d,
    0x4, 0xa0, 0x0, 0x0, 0xdf, 0x80, 0x3f, 0x8,
    0xef, 0xd0, 0x2, 0xeb, 0xc2, 0x6f, 0x60, 0x6,
    0x80, 0x8, 0x8b, 0x30, 0x9a, 0xc0, 0xc, 0x30,
    0x1d, 0x4b, 0x0, 0xc2, 0xa6, 0x4c, 0x0, 0x56,
    0x3b, 0x2, 0xd0, 0x1e, 0xd3, 0x0, 0x0, 0x3b,
    0x9, 0x80, 0xc, 0xe2, 0x0, 0x0, 0x3b, 0x3e,
    0x3, 0xc8, 0x7e, 0x60, 0x0, 0x3b, 0x94, 0xc,
    0x40, 0x3, 0xc2, 0x0, 0x0, 0x0, 0x0, 0x0,
    0x0, 0x0,

    /* U+6807 "标" */
    0x0, 0xf, 0x10, 0x0, 0x0, 0x0, 0x0, 0x0,
    0xf, 0x10, 0x4d, 0xdd, 0xdd, 0xa0, 0x0, 0xf,
    0x10, 0x1, 0x11, 0x11, 0x10, 0x1c, 0xcf, 0xdb,
    0x0, 0x0, 0x0, 0x0, 0x5, 0x8f, 0x64, 0x11,
    0x11, 0x11, 0x10, 0x0, 0x9f, 0xa0, 0xcd, 0xdf,
    0xed, 0xd6, 0x0, 0xdf, 0xa7, 0x0, 0xe, 0x10,
    0x0, 0x6, 0x8f, 0x18, 0x7, 0xe, 0x17, 0x0,
    0x1e, 0x1f, 0x10, 0x5a, 0xe, 0x18, 0x70, 0x37,
    0xf, 0x10, 0xb4, 0xe, 0x12, 0xe0, 0x0, 0xf,
    0x14, 0xc0, 0xe, 0x10, 0xc3, 0x0, 0xf, 0x14,
    0x30, 0xf, 0x10, 0x53, 0x0, 0xf, 0x10, 0x9,
    0xfc, 0x0, 0x0,

    /* U+6982 "概" */
    0x0, 0xe0, 0x0, 0x0, 0x0, 0x0, 0x0, 0x0,
    0xe0, 0xae, 0xde, 0x7d, 0xfe, 0xa0, 0x0, 0xe0,
    0xa2, 0xc, 0x2, 0x94, 0x0, 0x5d, 0xfd, 0xcb,
    0xad, 0x29, 0x93, 0x0, 0x1, 0xf0, 0xa4, 0x2c,
    0x47, 0xb2, 0x0, 0x4, 0xf8, 0xa2, 0xc, 0x75,
    0xd2, 0x10, 0x8, 0xfc, 0xbe, 0xdd, 0xac, 0xfc,
    0xc0, 0xc, 0xf6, 0xc2, 0x0, 0x3, 0xd0, 0x0,
    0x3a, 0xe0, 0xa2, 0x68, 0x8, 0xf1, 0x0, 0x94,
    0xe0, 0xa3, 0x6e, 0xd, 0xc1, 0x0, 0x20, 0xe0,
    0xbe, 0x88, 0x88, 0xb1, 0x50, 0x0, 0xe0, 0xa2,
    0x1, 0xc1, 0xb1, 0x90, 0x0, 0xe0, 0x0, 0x9,
    0x40, 0x8d, 0xb0, 0x0, 0x0, 0x0, 0x0, 0x0,
    0x0, 0x0,

    /* U+6A21 "模" */
    0x0, 0x87, 0x0, 0xe, 0x10, 0xe1, 0x0, 0x0,
    0x87, 0xa, 0xbf, 0xbb, 0xfb, 0xb0, 0x0, 0x88,
    0x3, 0x3f, 0x43, 0xf5, 0x30, 0x3f, 0xff, 0xe2,
    0x89, 0x88, 0x98, 0x20, 0x0, 0xa9, 0x5, 0xb5,
    0x55, 0x5c, 0x40, 0x0, 0xff, 0x25, 0xeb, 0xbb,
    0xbe, 0x40, 0x3, 0xfa, 0xb5, 0x90, 0x0, 0xa,
    0x40, 0x9, 0xb7, 0x95, 0xdc, 0xdc, 0xce, 0x40,
    0x1d, 0x87, 0x0, 0x0, 0xa4, 0x0, 0x0, 0x56,
    0x87, 0x3d, 0xde, 0xfe, 0xdd, 0xd0, 0x0, 0x87,
    0x0, 0x8, 0xba, 0x60, 0x0, 0x0, 0x87, 0x1,
    0x9d, 0x10, 0xd9, 0x20, 0x0, 0x87, 0x4d, 0x70,
    0x0, 0x6, 0xd1,

    /* U+6B20 "欠" */
    0x0, 0x3, 0x50, 0x0, 0x0, 0x0, 0x0, 0x0,
    0xa, 0x80, 0x0, 0x0, 0x0, 0x0, 0x0, 0x1f,
    0x63, 0x33, 0x33, 0x33, 0x10, 0x0, 0x6e, 0xcc,
    0xcc, 0xcc, 0xcf, 0x90, 0x0, 0xe4, 0x0, 0x52,
    0x0, 0xe, 0x30, 0xa, 0xb0, 0x0, 0xc4, 0x0,
    0x6c, 0x0, 0x1c, 0x10, 0x0, 0xd5, 0x0, 0xd3,
    0x0, 0x0, 0x0, 0x1, 0xfa, 0x0, 0x0, 0x0,
    0x0, 0x0, 0x7, 0xce, 0x10, 0x0, 0x0, 0x0,
    0x0, 0x1e, 0x46, 0xc0, 0x0, 0x0, 0x0, 0x2,
    0xd8, 0x0, 0xb9, 0x0, 0x0, 0x0, 0x7f, 0x60,
    0x0, 0xb, 0xc4, 0x0, 0x3e, 0xa2, 0x0, 0x0,
    0x0, 0x7e, 0xd0, 0x2, 0x0, 0x0, 0x0, 0x0,
    0x0, 0x20,

    /* U+6B21 "次" */
    0x0, 0x0, 0x0, 0x42, 0x0, 0x0, 0x0, 0x5,
    0x0, 0x0, 0xe4, 0x0, 0x0, 0x0, 0x9, 0xe4,
    0x3, 0xf2, 0x11, 0x11, 0x0, 0x0, 0x5d, 0x7,
    0xfe, 0xee, 0xee, 0xd0, 0x0, 0x0, 0xe, 0x40,
    0x60, 0x8, 0x90, 0x0, 0x0, 0x8d, 0x0, 0xf0,
    0xd, 0x30, 0x0, 0x0, 0x74, 0x1, 0xf1, 0x2b,
    0x0, 0x0, 0xc, 0x20, 0x4, 0xf5, 0x0, 0x0,
    0x0, 0x7c, 0x0, 0x9, 0xdb, 0x0, 0x0, 0x2,
    0xf2, 0x0, 0x1f, 0x3c, 0x30, 0x0, 0xd, 0x80,
    0x0, 0xc9, 0x3, 0xd1, 0x0, 0x19, 0x0, 0x2c,
    0xb0, 0x0, 0x9d, 0x30, 0x0, 0x4, 0xf8, 0x0,
    0x0, 0x7, 0xf2, 0x0, 0x0, 0x20, 0x0, 0x0,
    0x0, 0x0,

    /* U+6B63 "正" */
    0x9, 0xee, 0xee, 0xee, 0xee, 0xee, 0xb0, 0x1,
    0x11, 0x11, 0x4e, 0x11, 0x11, 0x10, 0x0, 0x0,
    0x0, 0x2d, 0x0, 0x0, 0x0, 0x0, 0x13, 0x0,
    0x2d, 0x0, 0x0, 0x0, 0x0, 0x4b, 0x0, 0x2d,
    0x0, 0x0, 0x0, 0x0, 0x4b, 0x0, 0x2f, 0xff,
    0xff, 0x30, 0x0, 0x4b, 0x0, 0x2e, 0x11, 0x11,
    0x0, 0x0, 0x4b, 0x0, 0x2d, 0x0, 0x0, 0x0,
    0x0, 0x4b, 0x0, 0x2d, 0x0, 0x0, 0x0, 0x0,
    0x4b, 0x0, 0x2d, 0x0, 0x0, 0x0, 0x2c, 0xdf,
    0xcc, 0xdf, 0xcc, 0xcc, 0xc3, 0x3, 0x33, 0x33,
    0x33, 0x33, 0x33, 0x30,

    /* U+6B65 "步" */
    0x0, 0x0, 0x0, 0x6a, 0x0, 0x0, 0x0, 0x0,
    0x6, 0x0, 0x6b, 0x0, 0x0, 0x0, 0x0, 0xf,
    0x0, 0x6f, 0xee, 0xeb, 0x0, 0x0, 0xf, 0x0,
    0x6a, 0x0, 0x0, 0x0, 0x3, 0x4f, 0x43, 0x8c,
    0x33, 0x33, 0x30, 0x1b, 0xbb, 0xbb, 0xde, 0xbb,
    0xbb, 0xb0, 0x0, 0x1, 0x70, 0x79, 0x0, 0x14,
    0x0, 0x0, 0xb, 0x70, 0x79, 0x0, 0xb9, 0x0,
    0x0, 0xab, 0x0, 0x79, 0x7, 0xd0, 0x0, 0x7,
    0xb0, 0x0, 0x79, 0x9d, 0x20, 0x0, 0x0, 0x0,
    0x0, 0x7e, 0xb1, 0x0, 0x0, 0x0, 0x15, 0x9e,
    0xb5, 0x0, 0x0, 0x0, 0xe, 0xfb, 0x82, 0x0,
    0x0, 0x0, 0x0, 0x1, 0x0, 0x0, 0x0, 0x0,
    0x0, 0x0,

    /* U+6CE2 "波" */
    0x5, 0x80, 0x0, 0x0, 0xd2, 0x0, 0x0, 0x1,
    0xad, 0x10, 0x0, 0xd2, 0x0, 0x0, 0x0, 0x4,
    0xe, 0xee, 0xfe, 0xee, 0xe0, 0x0, 0x0, 0xf,
    0x0, 0xe3, 0x6, 0xb0, 0x2a, 0x20, 0xf, 0x0,
    0xd2, 0xb, 0x50, 0x8, 0xf5, 0xf, 0x0, 0xe2,
    0x4, 0x0, 0x0, 0x42, 0x1f, 0xfe, 0xee, 0xef,
    0x0, 0x0, 0x0, 0x2e, 0x77, 0x0, 0x6a, 0x0,
    0x0, 0x1a, 0x3c, 0x1d, 0x10, 0xd3, 0x0, 0x0,
    0x89, 0x5a, 0x7, 0xa9, 0x90, 0x0, 0x1, 0xe2,
    0xa6, 0x0, 0xef, 0x10, 0x0, 0x8, 0xa1, 0xe1,
    0x2c, 0xba, 0xd4, 0x0, 0xc, 0x28, 0x97, 0xe7,
    0x0, 0x5d, 0xd1, 0x0, 0x0, 0x1, 0x10, 0x0,
    0x0, 0x20,

    /* U+6CE8 "注" */
    0x3, 0x20, 0x0, 0x3, 0x70, 0x0, 0x0, 0x5,
    0xea, 0x10, 0x1, 0xe2, 0x0, 0x0, 0x0, 0x8,
    0x10, 0x0, 0x86, 0x0, 0x0, 0x0, 0x0, 0x7f,
    0xff, 0xff, 0xff, 0xd0, 0x27, 0x0, 0x0, 0x0,
    0xd3, 0x0, 0x0, 0x19, 0xe4, 0x0, 0x0, 0xd3,
    0x0, 0x0, 0x0, 0x32, 0x0, 0x0, 0xd3, 0x0,
    0x0, 0x0, 0x0, 0xe, 0xee, 0xff, 0xee, 0x50,
    0x0, 0xd, 0x10, 0x0, 0xd4, 0x0, 0x0, 0x0,
    0x5c, 0x0, 0x0, 0xd3, 0x0, 0x0, 0x0, 0xd4,
    0x0, 0x0, 0xd3, 0x0, 0x0, 0x7, 0xb0, 0x0,
    0x0, 0xd3, 0x0, 0x0, 0xe, 0x30, 0xef, 0xff,
    0xff, 0xff, 0xf3, 0x1, 0x0, 0x0, 0x0, 0x0,
    0x0, 0x0,

    /* U+6D41 "流" */
    0x4, 0x20, 0x0, 0x1, 0x80, 0x0, 0x0, 0x6,
    0xe5, 0x0, 0x0, 0xe2, 0x0, 0x0, 0x0, 0x2a,
    0x9e, 0xee, 0xff, 0xee, 0xe1, 0x0, 0x0, 0x0,
    0x4d, 0x0, 0x80, 0x0, 0x28, 0x10, 0x2, 0xe2,
    0x0, 0x7b, 0x0, 0x19, 0xe4, 0x4f, 0xed, 0xee,
    0xee, 0x80, 0x0, 0x32, 0x15, 0x31, 0x10, 0x1,
    0x90, 0x0, 0x0, 0x7, 0x60, 0xe0, 0x86, 0x0,
    0x0, 0xd, 0x18, 0x60, 0xe0, 0x86, 0x0, 0x0,
    0x7b, 0xa, 0x50, 0xe0, 0x86, 0x0, 0x1, 0xe3,
    0xd, 0x20, 0xe0, 0x86, 0x42, 0xa, 0x90, 0x7c,
    0x0, 0xe0, 0x86, 0x74, 0xc, 0x12, 0xe2, 0x0,
    0x60, 0x5e, 0xd1, 0x0, 0x0, 0x0, 0x0, 0x0,
    0x0, 0x0,

    /* U+6D4B "测" */
    0x0, 0x0, 0x0, 0x0, 0x0, 0x0, 0x0, 0xb5,
    0x0, 0x0, 0x0, 0x0, 0xd, 0x3, 0xe7, 0xdc,
    0xcc, 0xd0, 0x40, 0xd0, 0x1, 0x4d, 0x2, 0xd,
    0xd, 0xd, 0x0, 0x0, 0xd0, 0xc0, 0xd0, 0xd0,
    0xd4, 0x80, 0xd, 0xc, 0xd, 0xd, 0xd, 0x19,
    0xd1, 0xd0, 0xc0, 0xd0, 0xd0, 0xd0, 0x3, 0xd,
    0xc, 0xd, 0xd, 0xd, 0x0, 0x0, 0xd0, 0xc0,
    0xd0, 0xd0, 0xd0, 0x9, 0x2d, 0xc, 0xd, 0xd,
    0xd, 0x1, 0xe0, 0xc2, 0xa0, 0xc0, 0xd0, 0xd0,
    0x79, 0x0, 0x97, 0x40, 0x0, 0xd, 0xe, 0x30,
    0x5b, 0xa, 0x50, 0x0, 0xd1, 0x90, 0x4a, 0x0,
    0xa, 0xa, 0xd9, 0x0, 0x0, 0x0, 0x0, 0x0,
    0x0, 0x0,

    /* U+6D88 "消" */
    0x8, 0x50, 0x5, 0x0, 0xe1, 0x4, 0x20, 0x3d,
    0x90, 0xe4, 0xe, 0x10, 0xd3, 0x0, 0x5, 0x5,
    0xc0, 0xe1, 0x7a, 0x0, 0x0, 0x0, 0x5, 0xe,
    0x13, 0x10, 0x5b, 0x10, 0xd, 0xee, 0xfe, 0xee,
    0x0, 0x8e, 0x20, 0xe2, 0x0, 0x0, 0xf0, 0x0,
    0x50, 0xe, 0x20, 0x0, 0xf, 0x0, 0x0, 0x0,
    0xed, 0xdd, 0xdd, 0xf0, 0x0, 0x2a, 0xe, 0x10,
    0x0, 0xe, 0x0, 0xa, 0x60, 0xee, 0xee, 0xee,
    0xf0, 0x3, 0xe0, 0xe, 0x10, 0x0, 0xe, 0x0,
    0xc6, 0x0, 0xe1, 0x0, 0x1, 0xf0, 0x9, 0x0,
    0xe, 0x10, 0xa, 0xea, 0x0,

    /* U+6E05 "清" */
    0x5, 0x50, 0x0, 0x0, 0xe1, 0x0, 0x0, 0x3,
    0xe9, 0x6c, 0xcc, 0xfd, 0xcc, 0x90, 0x0, 0x16,
    0x1, 0x11, 0xf2, 0x11, 0x10, 0x0, 0x0, 0x1c,
    0xcc, 0xfc, 0xcc, 0x40, 0x2a, 0x20, 0x44, 0x44,
    0xf5, 0x44, 0x41, 0x5, 0xe3, 0x77, 0x77, 0x77,
    0x77, 0x71, 0x0, 0x10, 0xb, 0xcc, 0xcc, 0xcc,
    0x0, 0x0, 0x1, 0xe, 0x0, 0x0, 0xe, 0x0,
    0x0, 0x3d, 0xe, 0xcc, 0xcc, 0xcf, 0x0, 0x0,
    0xa7, 0xe, 0x0, 0x0, 0xe, 0x0, 0x2, 0xf1,
    0xe, 0xcc, 0xcc, 0xcf, 0x0, 0xa, 0x80, 0xe,
    0x0, 0x0, 0xf, 0x0, 0x8, 0x10, 0xe, 0x0,
    0x8, 0xeb, 0x0,

    /* U+6E29 "温" */
    0x0, 0x30, 0x0, 0x0, 0x0, 0x0, 0x0, 0x1,
    0xbd, 0x38, 0xfe, 0xee, 0xef, 0x30, 0x0, 0x5,
    0x48, 0x60, 0x0, 0xc, 0x30, 0x0, 0x0, 0x8,
    0xed, 0xdd, 0xdf, 0x30, 0x9, 0x40, 0x8, 0x60,
    0x0, 0xc, 0x30, 0x4, 0xc9, 0x8, 0xdb, 0xbb,
    0xbf, 0x30, 0x0, 0x2, 0x0, 0x11, 0x11, 0x11,
    0x0, 0x0, 0x2, 0xc, 0xcc, 0xcc, 0xcc, 0x80,
    0x0, 0xd, 0x3f, 0x1b, 0x38, 0x66, 0xa0, 0x0,
    0x4c, 0xe, 0xa, 0x17, 0x54, 0xa0, 0x0, 0xc5,
    0xe, 0xa, 0x17, 0x54, 0xa0, 0x4, 0xd0, 0xe,
    0xa, 0x17, 0x54, 0xa0, 0x9, 0x52, 0xef, 0xef,
    0xef, 0xff, 0xf9, 0x0, 0x0, 0x0, 0x0, 0x0,
    0x0, 0x0,

    /* U+7247 "片" */
    0x0, 0x0, 0x0, 0x2, 0xe0, 0x0, 0x0, 0x3,
    0xd0, 0x0, 0x2e, 0x0, 0x0, 0x0, 0x3d, 0x0,
    0x2, 0xe0, 0x0, 0x0, 0x3, 0xd1, 0x11, 0x3e,
    0x11, 0x11, 0x0, 0x3f, 0xff, 0xff, 0xff, 0xff,
    0xc0, 0x3, 0xd0, 0x0, 0x0, 0x0, 0x0, 0x0,
    0x5c, 0x0, 0x0, 0x0, 0x0, 0x0, 0x6, 0xff,
    0xff, 0xff, 0xfa, 0x0, 0x0, 0x79, 0x11, 0x11,
    0x17, 0xa0, 0x0, 0xb, 0x50, 0x0, 0x0, 0x6a,
    0x0, 0x1, 0xf1, 0x0, 0x0, 0x6, 0xa0, 0x0,
    0xb8, 0x0, 0x0, 0x0, 0x6a, 0x0, 0xb, 0x0,
    0x0, 0x0, 0x6, 0xa0, 0x0, 0x0, 0x0, 0x0,
    0x0, 0x0, 0x0,

    /* U+7279 "特" */
    0x0, 0xf, 0x0, 0x0, 0x3b, 0x0, 0x0, 0x5,
    0x1f, 0x0, 0x0, 0x4c, 0x0, 0x0, 0xb, 0x2f,
    0x0, 0xee, 0xff, 0xee, 0x70, 0xd, 0xbf, 0xa1,
    0x0, 0x3b, 0x0, 0x0, 0xe, 0x5f, 0x53, 0x33,
    0x6c, 0x33, 0x30, 0x3a, 0xf, 0x8, 0xbb, 0xbb,
    0xdd, 0xb1, 0x13, 0xf, 0x0, 0x0, 0x0, 0x86,
    0x0, 0x1, 0x6f, 0xea, 0xee, 0xee, 0xff, 0xe1,
    0x2f, 0xaf, 0x0, 0x52, 0x0, 0x97, 0x0, 0x0,
    0xf, 0x0, 0x5d, 0x0, 0x86, 0x0, 0x0, 0xf,
    0x0, 0x9, 0x70, 0x86, 0x0, 0x0, 0xf, 0x0,
    0x0, 0x0, 0x96, 0x0, 0x0, 0xf, 0x0, 0x0,
    0x7f, 0xe3, 0x0,

    /* U+72B6 "状" */
    0x0, 0xb, 0x40, 0x0, 0xe0, 0x40, 0x0, 0x0,
    0xb, 0x40, 0x0, 0xf0, 0x7a, 0x0, 0x3c, 0xb,
    0x40, 0x0, 0xf0, 0xc, 0x50, 0xa, 0x8b, 0x40,
    0x0, 0xf0, 0x2, 0x10, 0x1, 0xbc, 0x7d, 0xdd,
    0xfd, 0xdd, 0xd0, 0x0, 0xb, 0x53, 0x34, 0xf7,
    0x33, 0x30, 0x0, 0xd, 0x40, 0x4, 0xf9, 0x0,
    0x0, 0x1, 0xcf, 0x40, 0x8, 0xad, 0x0, 0x0,
    0x2d, 0x7b, 0x40, 0xd, 0x4c, 0x50, 0x0, 0x76,
    0xb, 0x40, 0x5d, 0x4, 0xc0, 0x0, 0x0, 0xb,
    0x41, 0xe5, 0x0, 0xc8, 0x0, 0x0, 0xb, 0x5c,
    0xa0, 0x0, 0x1e, 0x80, 0x0, 0xb, 0x9a, 0x0,
    0x0, 0x2, 0xc1,

    /* U+7387 "率" */
    0x0, 0x0, 0x0, 0x52, 0x0, 0x0, 0x0, 0x3,
    0x33, 0x33, 0x9c, 0x33, 0x33, 0x30, 0xa, 0xbb,
    0xbb, 0xfb, 0xbb, 0xbb, 0xb1, 0x5, 0x70, 0x8,
    0x70, 0xb2, 0x1b, 0x20, 0x0, 0x8b, 0x6f, 0xdf,
    0x71, 0xd5, 0x0, 0x0, 0x1, 0x21, 0xb8, 0x50,
    0x30, 0x0, 0x1, 0x8d, 0x5c, 0x94, 0xe8, 0xd8,
    0x0, 0xd, 0x70, 0x9b, 0xa9, 0x7c, 0xa, 0xa0,
    0x0, 0x0, 0x0, 0x88, 0x0, 0x0, 0x0, 0x3e,
    0xee, 0xee, 0xff, 0xee, 0xee, 0xe3, 0x0, 0x0,
    0x0, 0x99, 0x0, 0x0, 0x0, 0x0, 0x0, 0x0,
    0x88, 0x0, 0x0, 0x0, 0x0, 0x0, 0x0, 0x88,
    0x0, 0x0, 0x0,

    /* U+73AF "环" */
    0x0, 0x0, 0x0, 0x0, 0x0, 0x0, 0x0, 0x3f,
    0xff, 0xe5, 0xff, 0xff, 0xff, 0xf8, 0x0, 0xb3,
    0x0, 0x0, 0xd, 0x50, 0x0, 0x0, 0xb3, 0x0,
    0x0, 0x6e, 0x0, 0x0, 0x0, 0xb3, 0x0, 0x0,
    0xed, 0x60, 0x0, 0x2e, 0xff, 0x70, 0x7, 0xfc,
    0xb8, 0x0, 0x0, 0xb4, 0x0, 0x4f, 0x6c, 0x1d,
    0x50, 0x0, 0xb3, 0x4, 0xf6, 0x3c, 0x3, 0xe2,
    0x0, 0xb3, 0x6, 0x60, 0x3c, 0x0, 0x62, 0x0,
    0xba, 0xb0, 0x0, 0x3c, 0x0, 0x0, 0x2d, 0xd8,
    0x20, 0x0, 0x3c, 0x0, 0x0, 0x13, 0x0, 0x0,
    0x0, 0x3c, 0x0, 0x0, 0x0, 0x0, 0x0, 0x0,
    0x3c, 0x0, 0x0,

    /* U+7535 "电" */
    0x0, 0x0, 0xd, 0x30, 0x0, 0x0, 0x0, 0x0,
    0x0, 0xd3, 0x0, 0x0, 0x0, 0x2e, 0xee, 0xef,
    0xee, 0xee, 0xe1, 0x2, 0xe1, 0x11, 0xd4, 0x11,
    0x1f, 0x10, 0x2e, 0x0, 0xd, 0x30, 0x0, 0xf1,
    0x2, 0xfe, 0xee, 0xfe, 0xee, 0xef, 0x10, 0x2e,
    0x0, 0xd, 0x40, 0x0, 0xf1, 0x2, 0xe0, 0x0,
    0xd3, 0x0, 0xf, 0x10, 0x2f, 0xee, 0xef, 0xfe,
    0xee, 0xf1, 0x2, 0xe1, 0x11, 0xd4, 0x11, 0x11,
    0x52, 0x0, 0x0, 0xd, 0x30, 0x0, 0xa, 0x50,
    0x0, 0x0, 0xc7, 0x0, 0x1, 0xe2, 0x0, 0x0,
    0x5, 0xef, 0xff, 0xf9, 0x0,

    /* U+77ED "短" */
    0x1, 0x60, 0x0, 0x0, 0x0, 0x0, 0x0, 0x5,
    0xa0, 0x0, 0xbf, 0xff, 0xff, 0xf7, 0x8, 0xdc,
    0xb8, 0x0, 0x0, 0x0, 0x0, 0xe, 0x1e, 0x0,
    0x4d, 0xdd, 0xdd, 0xc0, 0x3a, 0xe, 0x0, 0x4b,
    0x0, 0x2, 0xe0, 0x3, 0x2f, 0x22, 0x4b, 0x0,
    0x1, 0xe0, 0x5e, 0xff, 0xee, 0x4b, 0x0, 0x1,
    0xe0, 0x0, 0x2e, 0x0, 0x4e, 0xee, 0xee, 0xd0,
    0x0, 0x5f, 0x30, 0x4, 0x0, 0x5, 0x30, 0x0,
    0x9a, 0xd0, 0x9, 0x60, 0xd, 0x30, 0x0, 0xe1,
    0x99, 0x3, 0xb0, 0x3c, 0x0, 0x9, 0x90, 0x4,
    0x0, 0x90, 0xa6, 0x0, 0x2c, 0x0, 0x5, 0xff,
    0xff, 0xff, 0xf9, 0x0, 0x0, 0x0, 0x0, 0x0,
    0x0, 0x0,

    /* U+79BB "离" */
    0x0, 0x0, 0x0, 0x61, 0x0, 0x0, 0x0, 0x3,
    0x33, 0x33, 0xb9, 0x33, 0x33, 0x30, 0xb, 0xbb,
    0xbb, 0xbb, 0xcb, 0xbb, 0xb1, 0x0, 0x87, 0x2a,
    0x76, 0xa1, 0x69, 0x0, 0x0, 0x87, 0x5, 0xcc,
    0x80, 0x69, 0x0, 0x0, 0x87, 0x76, 0x0, 0x56,
    0x69, 0x0, 0x0, 0x7d, 0xdd, 0xee, 0xdd, 0xd8,
    0x0, 0x0, 0x0, 0x0, 0xc6, 0x0, 0x0, 0x0,
    0x6, 0xfe, 0xef, 0xfe, 0xee, 0xef, 0x70, 0x6,
    0x90, 0x1d, 0x20, 0xa2, 0x8, 0x70, 0x6, 0x90,
    0xcb, 0x89, 0xdd, 0x8, 0x70, 0x6, 0x90, 0x75,
    0x42, 0x5, 0x18, 0x70, 0x6, 0x90, 0x0, 0x0,
    0x5, 0xcd, 0x40,

    /* U+7A7A "空" */
    0x0, 0x0, 0x1a, 0x0, 0x0, 0x0, 0x0, 0x0,
    0xd, 0x60, 0x0, 0x0, 0xef, 0xff, 0xff, 0xff,
    0xff, 0xfe, 0xe1, 0x0, 0x0, 0x0, 0x0, 0x1e,
    0xe1, 0x1b, 0x80, 0x1d, 0x92, 0x1b, 0x27, 0xe7,
    0x0, 0x0, 0x6d, 0x91, 0x8a, 0x20, 0x0, 0x0,
    0x0, 0x77, 0x7, 0xff, 0xff, 0xff, 0xff, 0x70,
    0x0, 0x0, 0xc, 0x40, 0x0, 0x0, 0x0, 0x0,
    0xc, 0x40, 0x0, 0x0, 0x0, 0x0, 0xc, 0x40,
    0x0, 0x0, 0x22, 0x22, 0x2d, 0x52, 0x22, 0x22,
    0xbc, 0xcc, 0xcc, 0xcc, 0xcc, 0xcc,

    /* U+7B2C "第" */
    0x0, 0x78, 0x0, 0x1, 0xd0, 0x0, 0x0, 0x0,
    0xed, 0xbb, 0xa7, 0xfb, 0xbb, 0xb0, 0xa, 0x84,
    0xd1, 0x2e, 0x36, 0xc1, 0x0, 0x3b, 0x0, 0xa1,
    0x67, 0x0, 0x92, 0x0, 0x4, 0xdd, 0xdd, 0xdd,
    0xdd, 0xdc, 0x0, 0x0, 0x0, 0x0, 0xc3, 0x0,
    0x1e, 0x0, 0x0, 0xbd, 0xdd, 0xfd, 0xdd, 0xde,
    0x0, 0x0, 0xf0, 0x0, 0xd4, 0x0, 0x0, 0x0,
    0x2, 0xe3, 0x33, 0xd6, 0x33, 0x33, 0x10, 0x2,
    0xaa, 0xbf, 0xfc, 0xaa, 0xae, 0x50, 0x0, 0x0,
    0xa9, 0xd3, 0x0, 0xd, 0x30, 0x0, 0x4c, 0x60,
    0xc3, 0x13, 0x4f, 0x0, 0xa, 0x81, 0x0, 0xc3,
    0x1b, 0xa5, 0x0, 0x0, 0x0, 0x0, 0x0, 0x0,
    0x0, 0x0,

    /* U+7B49 "等" */
    0x0, 0x59, 0x0, 0x0, 0xd1, 0x0, 0x0, 0x0,
    0xdd, 0xcc, 0xc6, 0xfc, 0xcc, 0xc4, 0x6, 0xa7,
    0xa1, 0x3e, 0x38, 0xa1, 0x10, 0x1c, 0x1, 0xb0,
    0x7a, 0x0, 0xc0, 0x0, 0x0, 0x8c, 0xcc, 0xdf,
    0xcc, 0xcc, 0x20, 0x0, 0x11, 0x11, 0x6b, 0x11,
    0x11, 0x0, 0x3, 0x33, 0x33, 0x7c, 0x33, 0x33,
    0x31, 0xa, 0xaa, 0xaa, 0xaa, 0xad, 0xda, 0xa5,
    0x0, 0x11, 0x11, 0x11, 0x18, 0x91, 0x10, 0x8,
    0xdd, 0xdd, 0xdd, 0xde, 0xed, 0xd2, 0x0, 0x4,
    0xd3, 0x0, 0x7, 0x80, 0x0, 0x0, 0x0, 0x3e,
    0x30, 0x8, 0x80, 0x0, 0x0, 0x0, 0x1, 0xa,
    0xfe, 0x40, 0x0,

    /* U+7C7B "类" */
    0x0, 0x16, 0x0, 0x87, 0x0, 0x82, 0x0, 0x0,
    0xd, 0x60, 0x87, 0x5, 0xd0, 0x0, 0x0, 0x3,
    0x90, 0x87, 0x9, 0x20, 0x0, 0xe, 0xff, 0xff,
    0xff, 0xff, 0xff, 0xf0, 0x0, 0x0, 0x5d, 0xcd,
    0xc6, 0x0, 0x0, 0x0, 0x5b, 0xc1, 0x87, 0x18,
    0xd8, 0x10, 0xd, 0xb4, 0x0, 0x55, 0x0, 0x18,
    0xa0, 0x0, 0x0, 0x0, 0xa6, 0x0, 0x0, 0x0,
    0xb, 0xbb, 0xbb, 0xec, 0xbb, 0xbb, 0xb0, 0x4,
    0x44, 0x49, 0xdd, 0x84, 0x44, 0x40, 0x0, 0x0,
    0x5e, 0x33, 0xe6, 0x0, 0x0, 0x4, 0x7d, 0xd3,
    0x0, 0x2c, 0xd8, 0x41, 0xb, 0x84, 0x0, 0x0,
    0x0, 0x38, 0xb1,

    /* U+7CFB "系" */
    0x0, 0x0, 0x1, 0x24, 0x7a, 0x90, 0x1, 0xcd,
    0xef, 0xfd, 0xa8, 0x52, 0x0, 0x2, 0x11, 0xb8,
    0x0, 0x21, 0x0, 0x0, 0x1, 0xb6, 0x0, 0x5e,
    0x60, 0x0, 0x4, 0xfd, 0xab, 0xcd, 0x30, 0x0,
    0x0, 0x15, 0x37, 0xfa, 0x3, 0x80, 0x0, 0x0,
    0x1a, 0xd3, 0x0, 0xc, 0x80, 0x1, 0x9f, 0xfa,
    0xbc, 0xdd, 0xde, 0x50, 0x8, 0x64, 0x34, 0xe0,
    0x0, 0x2c, 0x0, 0x4, 0xd0, 0x2d, 0x8, 0xa0,
    0x0, 0x4, 0xe3, 0x2, 0xd0, 0x9, 0xd1, 0x6,
    0xe3, 0x0, 0x3d, 0x0, 0x7, 0xd0, 0x1, 0x1,
    0xff, 0x90, 0x0, 0x2, 0x0,

    /* U+7EBF "线" */
    0x0, 0xb, 0x10, 0x0, 0xf2, 0x81, 0x0, 0x0,
    0x5c, 0x0, 0x0, 0xe1, 0x5d, 0x10, 0x0, 0xc4,
    0x0, 0x0, 0xe3, 0x47, 0x40, 0x4, 0xb0, 0x93,
    0xac, 0xfe, 0xb8, 0x40, 0x1d, 0x77, 0xd0, 0x42,
    0xc3, 0x0, 0x0, 0x3c, 0xaf, 0x40, 0x0, 0xb7,
    0x7a, 0xc0, 0x0, 0x89, 0x2, 0xad, 0xfd, 0x85,
    0x20, 0x5, 0xd4, 0x73, 0x41, 0x69, 0x2, 0xb0,
    0x2f, 0xeb, 0x71, 0x0, 0x2d, 0x2d, 0x40, 0x2,
    0x0, 0x0, 0x0, 0xf, 0xd5, 0x0, 0x1, 0x59,
    0xd5, 0x1, 0x8f, 0x80, 0x30, 0x3f, 0xb6, 0x12,
    0x8d, 0x73, 0xe3, 0xa2, 0x0, 0x0, 0x5, 0x70,
    0x0, 0x6e, 0xc0,

    /* U+7EDF "统" */
    0x0, 0x1c, 0x10, 0x0, 0x85, 0x0, 0x0, 0x0,
    0x7c, 0x0, 0x0, 0x4c, 0x0, 0x0, 0x0, 0xe4,
    0x6, 0xee, 0xee, 0xee, 0xe1, 0x6, 0xb0, 0xb2,
    0x4, 0xe1, 0x11, 0x0, 0x2e, 0x57, 0xd0, 0xd,
    0x50, 0x88, 0x0, 0x7f, 0xdf, 0x40, 0xaa, 0x13,
    0x5f, 0x30, 0x0, 0x99, 0x8, 0xff, 0xec, 0xaa,
    0xc0, 0x5, 0xd1, 0x32, 0x2b, 0x4, 0x70, 0x60,
    0x4f, 0xfe, 0xa0, 0xe, 0x5, 0xa0, 0x0, 0x26,
    0x20, 0x0, 0x3d, 0x5, 0xa0, 0x0, 0x0, 0x16,
    0xb1, 0x88, 0x5, 0xa0, 0x71, 0x4d, 0xe9, 0x44,
    0xe2, 0x5, 0xa0, 0xc2, 0x23, 0x0, 0x6d, 0x40,
    0x2, 0xee, 0xd0, 0x0, 0x0, 0x0, 0x0, 0x0,
    0x0, 0x0,

    /* U+8282 "节" */
    0x0, 0x0, 0xe1, 0x0, 0x2e, 0x0, 0x0, 0x0,
    0x0, 0xf2, 0x0, 0x2f, 0x0, 0x0, 0x2f, 0xff,
    0xff, 0xff, 0xff, 0xff, 0xf2, 0x0, 0x0, 0xe1,
    0x0, 0x2e, 0x0, 0x0, 0x0, 0x0, 0x20, 0x0,
    0x2, 0x0, 0x0, 0x9, 0xff, 0xff, 0xff, 0xff,
    0xfc, 0x0, 0x0, 0x0, 0xf, 0x20, 0x0, 0x4d,
    0x0, 0x0, 0x0, 0xe, 0x20, 0x0, 0x3d, 0x0,
    0x0, 0x0, 0xe, 0x20, 0x0, 0x3d, 0x0, 0x0,
    0x0, 0xe, 0x20, 0x0, 0x3d, 0x0, 0x0, 0x0,
    0xe, 0x20, 0x9e, 0xfa, 0x0, 0x0, 0x0, 0xe,
    0x20, 0x12, 0x10, 0x0, 0x0, 0x0, 0xe, 0x20,
    0x0, 0x0, 0x0,

    /* U+82AF "芯" */
    0x0, 0x0, 0xf0, 0x0, 0x1e, 0x0, 0x0, 0x0,
    0x0, 0xf0, 0x0, 0x1e, 0x0, 0x0, 0xf, 0xff,
    0xff, 0xff, 0xff, 0xff, 0xf0, 0x0, 0x0, 0xf1,
    0x0, 0x2e, 0x0, 0x0, 0x0, 0x0, 0x50, 0xb2,
    0x5, 0x0, 0x0, 0x0, 0x0, 0x0, 0x6b, 0x0,
    0x0, 0x0, 0x0, 0x0, 0x50, 0xe, 0x30, 0x0,
    0x0, 0x0, 0xa0, 0xe1, 0x8, 0xa0, 0x1b, 0x0,
    0x2, 0xe0, 0xe1, 0x2, 0x40, 0xd, 0x40, 0x8,
    0x90, 0xe1, 0x0, 0x0, 0x6, 0xb0, 0xe, 0x30,
    0xe1, 0x0, 0x4, 0xa1, 0xf0, 0x29, 0x0, 0xd3,
    0x0, 0x7, 0x90, 0x91, 0x0, 0x0, 0x8f, 0xff,
    0xfe, 0x30, 0x0,

    /* U+89C8 "览" */
    0x0, 0x0, 0x0, 0x0, 0x0, 0x0, 0x0, 0x0,
    0x1e, 0x0, 0x98, 0x0, 0x0, 0x1d, 0x1, 0xe0,
    0xe, 0x61, 0x11, 0x1, 0xd0, 0x1e, 0x3, 0xfd,
    0xdd, 0xd5, 0x1d, 0x1, 0xe0, 0xc8, 0x3b, 0x0,
    0x1, 0xc0, 0x1e, 0x1b, 0x0, 0x5c, 0x0, 0x0,
    0x0, 0x0, 0x0, 0x0, 0x10, 0x0, 0xf, 0xee,
    0xee, 0xee, 0xfd, 0x0, 0x0, 0xf1, 0x1, 0x60,
    0x3, 0xd0, 0x0, 0xf, 0x10, 0x3e, 0x0, 0x3d,
    0x0, 0x0, 0xf1, 0x6, 0xd6, 0x3, 0xd0, 0x0,
    0x6, 0x2, 0xe7, 0xd0, 0x14, 0x10, 0x0, 0x39,
    0xd5, 0x2e, 0x0, 0x9, 0x56, 0xec, 0x60, 0x0,
    0xde, 0xee, 0xc1, 0x1, 0x0, 0x0, 0x0, 0x0,
    0x0, 0x0,

    /* U+8B66 "警" */
    0x0, 0x0, 0x0, 0x0, 0x0, 0x0, 0x0, 0x0,
    0x67, 0xe, 0x0, 0x2c, 0x0, 0x0, 0x5, 0xb8,
    0x5b, 0x52, 0xae, 0xcc, 0xc2, 0x3, 0xfa, 0xaa,
    0x97, 0xea, 0xa, 0x30, 0x1e, 0xb9, 0x91, 0xd6,
    0x1b, 0xaa, 0x0, 0x5, 0xa2, 0xc3, 0xb0, 0x3a,
    0xeb, 0x20, 0x2, 0x96, 0x9c, 0x96, 0xc4, 0x5,
    0xd2, 0x5, 0x66, 0x66, 0xac, 0x66, 0x66, 0x60,
    0x5, 0x55, 0x55, 0x55, 0x55, 0x55, 0x50, 0x0,
    0x19, 0x99, 0x99, 0x99, 0x96, 0x0, 0x0, 0x19,
    0x99, 0x99, 0x99, 0x96, 0x0, 0x0, 0x2a, 0xaa,
    0xaa, 0xaa, 0xa8, 0x0, 0x0, 0x4b, 0x0, 0x0,
    0x0, 0x3c, 0x0, 0x0, 0x4e, 0x99, 0x99, 0x99,
    0xbc, 0x0,

    /* U+8BB0 "记" */
    0x0, 0x50, 0x0, 0x0, 0x0, 0x0, 0x0, 0x0,
    0xb9, 0x5, 0xee, 0xee, 0xee, 0x30, 0x0, 0xc,
    0x70, 0x11, 0x11, 0x1d, 0x30, 0x0, 0x1, 0x0,
    0x0, 0x0, 0xc, 0x30, 0x15, 0x54, 0x0, 0x0,
    0x0, 0xc, 0x30, 0x3c, 0xce, 0x0, 0x0, 0x0,
    0xd, 0x30, 0x0, 0x1e, 0x0, 0xef, 0xee, 0xef,
    0x30, 0x0, 0x1e, 0x0, 0xe2, 0x0, 0x4, 0x10,
    0x0, 0x1e, 0x0, 0xe2, 0x0, 0x0, 0x0, 0x0,
    0x1e, 0x1, 0xe2, 0x0, 0x0, 0x40, 0x0, 0x1f,
    0xb5, 0xe2, 0x0, 0x0, 0xd2, 0x0, 0x5f, 0x60,
    0xe4, 0x0, 0x2, 0xf0, 0x0, 0x74, 0x0, 0x8f,
    0xff, 0xff, 0x70,

    /* U+8BD5 "试" */
    0x0, 0x81, 0x0, 0x0, 0x2, 0xd6, 0x40, 0x0,
    0x7d, 0x10, 0x0, 0x2, 0xe1, 0xd2, 0x0, 0x9,
    0x60, 0x0, 0x1, 0xe0, 0x53, 0x0, 0x0, 0xe,
    0xff, 0xff, 0xff, 0xfc, 0x7, 0x76, 0x0, 0x0,
    0x1, 0xf0, 0x0, 0x8, 0x9e, 0x0, 0x0, 0x0,
    0xf1, 0x0, 0x0, 0x1e, 0x6, 0xee, 0xe3, 0xd2,
    0x0, 0x0, 0x1e, 0x0, 0xf, 0x0, 0xc4, 0x0,
    0x0, 0x1e, 0x0, 0xf, 0x0, 0xa6, 0x0, 0x0,
    0x1e, 0x1, 0xf, 0x0, 0x79, 0x3, 0x0, 0x2e,
    0xb8, 0x4f, 0xcc, 0x4d, 0xd, 0x0, 0x7f, 0x69,
    0xc8, 0x30, 0xe, 0x9a, 0x0, 0x42, 0x0, 0x0,
    0x0, 0x5, 0xf4, 0x0, 0x0, 0x0, 0x0, 0x0,
    0x0, 0x0,

    /* U+8D25 "败" */
    0x0, 0x0, 0x0, 0x0, 0x51, 0x0, 0x0, 0xd,
    0xee, 0xef, 0x0, 0xe2, 0x0, 0x0, 0xd, 0x0,
    0xe, 0x2, 0xe2, 0x11, 0x10, 0xd, 0xe, 0xe,
    0x7, 0xed, 0xdf, 0xc0, 0xd, 0xe, 0xe, 0xe,
    0x30, 0xd, 0x0, 0xd, 0xe, 0xe, 0x6f, 0x30,
    0x3a, 0x0, 0xd, 0xe, 0xe, 0x79, 0x90, 0x67,
    0x0, 0xd, 0xe, 0xe, 0x0, 0xe1, 0xb3, 0x0,
    0xd, 0x1d, 0xe, 0x0, 0x79, 0xc0, 0x0, 0x6,
    0x4a, 0x5, 0x0, 0xf, 0x60, 0x0, 0x0, 0xc4,
    0xd2, 0x0, 0x6e, 0xd1, 0x0, 0x8, 0xb0, 0x4c,
    0x6, 0xd1, 0x7d, 0x20, 0x4b, 0x0, 0x7, 0x7c,
    0x10, 0x5, 0xd0, 0x0, 0x0, 0x0, 0x0, 0x0,
    0x0, 0x0,

    /* U+8D8B "趋" */
    0x0, 0x7, 0x80, 0x0, 0x55, 0x0, 0x0, 0x0,
    0x7, 0x80, 0x0, 0xdb, 0x88, 0x30, 0x9, 0xff,
    0xff, 0x55, 0xd5, 0x5e, 0x30, 0x0, 0x7, 0x80,
    0x1e, 0x40, 0x3d, 0x0, 0x0, 0x8, 0x80, 0x6d,
    0x65, 0xba, 0x50, 0x1e, 0xef, 0xfe, 0xa4, 0x99,
    0x9a, 0xe0, 0x0, 0x13, 0xc0, 0x0, 0x0, 0x1,
    0xe0, 0x5, 0xa3, 0xd4, 0x24, 0xee, 0xee, 0xe0,
    0x6, 0x93, 0xe7, 0x40, 0x0, 0x1, 0xe0, 0x7,
    0xf6, 0xc0, 0xb, 0xee, 0xee, 0xe0, 0x9, 0x7e,
    0xc0, 0x0, 0x0, 0x0, 0x0, 0xd, 0x16, 0xe7,
    0x21, 0x0, 0x0, 0x0, 0x3c, 0x0, 0x39, 0xde,
    0xff, 0xff, 0xfa, 0x2, 0x0, 0x0, 0x0, 0x0,
    0x0, 0x0,

    /* U+8DEF "路" */
    0x0, 0x0, 0x0, 0x0, 0x70, 0x0, 0x0, 0xd,
    0xee, 0xeb, 0x4, 0xe1, 0x10, 0x0, 0xd, 0x10,
    0x4b, 0xc, 0xed, 0xed, 0x0, 0xd, 0x10, 0x4b,
    0x8e, 0x80, 0x97, 0x0, 0xd, 0xee, 0xed, 0xe2,
    0xb8, 0xd0, 0x0, 0x0, 0xe, 0x0, 0x0, 0x4f,
    0x50, 0x0, 0x8, 0xe, 0x0, 0x3, 0xe8, 0xe4,
    0x0, 0xd, 0xe, 0xec, 0x9e, 0x30, 0x3e, 0xa0,
    0xd, 0xe, 0x23, 0xaf, 0xee, 0xef, 0x70, 0xd,
    0xe, 0x0, 0x1e, 0x0, 0xd, 0x10, 0xd, 0xe,
    0x69, 0x1e, 0x0, 0xd, 0x10, 0x4f, 0xee, 0xa6,
    0x1e, 0x22, 0x2e, 0x10, 0x35, 0x10, 0x0, 0x1f,
    0xbb, 0xbf, 0x10,

    /* U+8F7D "载" */
    0x0, 0x0, 0x0, 0x0, 0x0, 0x0, 0x0, 0x0,
    0x0, 0xd2, 0x0, 0x78, 0x44, 0x0, 0x6, 0xdd,
    0xfe, 0xd8, 0x68, 0x1d, 0x40, 0x0, 0x0, 0xd2,
    0x0, 0x69, 0x3, 0x40, 0x2c, 0xcc, 0xfc, 0xcc,
    0xde, 0xcc, 0xc3, 0x0, 0x9, 0x50, 0x0, 0x5a,
    0x0, 0x0, 0x1, 0x1e, 0x41, 0x11, 0x3b, 0x6,
    0x60, 0xb, 0xde, 0xcc, 0xbb, 0x4d, 0xd, 0x30,
    0x0, 0xd2, 0x5a, 0x0, 0xf, 0x4d, 0x0, 0x7,
    0xfe, 0xef, 0xec, 0xd, 0xd6, 0x0, 0x0, 0x0,
    0x5a, 0x0, 0xa, 0xd0, 0x10, 0x5, 0x68, 0xbe,
    0xcd, 0x4e, 0xb0, 0x75, 0xa, 0x86, 0x8b, 0x21,
    0xc7, 0xd5, 0xa4, 0x0, 0x0, 0x5a, 0x9, 0x60,
    0x3e, 0xc0, 0x0, 0x0, 0x0, 0x0, 0x0, 0x0,
    0x0,

    /* U+8FC7 "过" */
    0x2, 0x40, 0x0, 0x0, 0x0, 0xe1, 0x0, 0x3,
    0xe3, 0x0, 0x0, 0x0, 0xe1, 0x0, 0x0, 0x6d,
    0x0, 0x0, 0x0, 0xe2, 0x0, 0x0, 0x7, 0x2f,
    0xff, 0xff, 0xff, 0xf0, 0x0, 0x0, 0x0, 0x0,
    0x0, 0xe1, 0x0, 0xb, 0xba, 0x4, 0xc0, 0x0,
    0xe1, 0x0, 0x4, 0x5e, 0x0, 0xa8, 0x0, 0xe1,
    0x0, 0x0, 0x1e, 0x0, 0x1d, 0x10, 0xe1, 0x0,
    0x0, 0x1e, 0x0, 0x0, 0x0, 0xe1, 0x0, 0x0,
    0x1e, 0x0, 0x1, 0x22, 0xf1, 0x0, 0x0, 0x7d,
    0x30, 0x3, 0xed, 0x90, 0x0, 0xa, 0x70, 0x9a,
    0x54, 0x33, 0x45, 0x73, 0x9, 0x0, 0x3, 0x9b,
    0xcc, 0xcb, 0xb2,

    /* U+9001 "送" */
    0x4, 0x0, 0x2, 0x40, 0x0, 0x45, 0x0, 0xa,
    0xa0, 0x1, 0xe1, 0x0, 0xd5, 0x0, 0x0, 0xc7,
    0x0, 0x76, 0x5, 0xc0, 0x0, 0x0, 0x23, 0x3e,
    0xee, 0xfe, 0xee, 0x80, 0x0, 0x0, 0x0, 0x0,
    0xf0, 0x0, 0x0, 0x7e, 0xe4, 0x0, 0x1, 0xf1,
    0x0, 0x0, 0x0, 0xb4, 0xae, 0xee, 0xfe, 0xee,
    0xe0, 0x0, 0xb4, 0x0, 0x5, 0xf7, 0x0, 0x0,
    0x0, 0xb4, 0x0, 0x1e, 0x5c, 0x80, 0x0, 0x0,
    0xb4, 0x3, 0xd7, 0x0, 0xb9, 0x0, 0x2, 0xe7,
    0x5d, 0x40, 0x0, 0xb, 0x30, 0x3e, 0x6c, 0xa4,
    0x0, 0x0, 0x1, 0x31, 0x97, 0x0, 0x6c, 0xff,
    0xff, 0xff, 0xe1, 0x0, 0x0, 0x0, 0x0, 0x0,
    0x0, 0x0,

    /* U+9009 "选" */
    0x3, 0x10, 0x0, 0x43, 0x2e, 0x0, 0x0, 0x7,
    0xd1, 0x0, 0xc5, 0x2e, 0x0, 0x0, 0x0, 0x9c,
    0x3, 0xfe, 0xef, 0xee, 0xe0, 0x0, 0x5, 0xc,
    0x60, 0x2e, 0x0, 0x0, 0x0, 0x0, 0x5, 0x0,
    0x2e, 0x0, 0x0, 0x2, 0x22, 0x2a, 0xaa, 0xbf,
    0xaa, 0xa6, 0xc, 0xdc, 0x14, 0x4c, 0x95, 0xe4,
    0x42, 0x0, 0x3c, 0x0, 0xe, 0x31, 0xe0, 0x0,
    0x0, 0x3c, 0x0, 0x5d, 0x1, 0xe0, 0x25, 0x0,
    0x3c, 0x6, 0xe4, 0x0, 0xe1, 0x69, 0x0, 0x3c,
    0x5c, 0x30, 0x0, 0xbe, 0xd4, 0x2, 0xcd, 0xd6,
    0x10, 0x0, 0x0, 0x1, 0xd, 0x60, 0x29, 0xef,
    0xee, 0xff, 0xf9, 0x0, 0x0, 0x0, 0x0, 0x0,
    0x0, 0x0,

    /* U+900F "透" */
    0x2, 0x0, 0x0, 0x1, 0x24, 0x68, 0x50, 0x8,
    0xc0, 0xa, 0xba, 0xbd, 0x64, 0x10, 0x0, 0xaa,
    0x0, 0x0, 0x4b, 0x0, 0x0, 0x0, 0x8, 0x4d,
    0xdd, 0xff, 0xed, 0xd6, 0x0, 0x0, 0x0, 0x1b,
    0xbd, 0xc2, 0x0, 0x2, 0x21, 0x6, 0xd5, 0x4b,
    0x2d, 0x70, 0xc, 0xdc, 0x7b, 0x86, 0x79, 0x61,
    0x86, 0x0, 0x3c, 0x1, 0x6c, 0xa6, 0xe2, 0x20,
    0x0, 0x3c, 0x0, 0xd, 0x30, 0xaa, 0xf0, 0x0,
    0x3c, 0x0, 0xaa, 0x0, 0x1, 0xc0, 0x0, 0x4d,
    0x3e, 0x90, 0x1, 0xcd, 0x60, 0x4, 0xed, 0xe8,
    0x10, 0x0, 0x0, 0x1, 0xd, 0x60, 0x29, 0xef,
    0xee, 0xff, 0xf7, 0x0, 0x0, 0x0, 0x0, 0x0,
    0x0, 0x0,

    /* U+9502 "锂" */
    0x0, 0x42, 0x0, 0x0, 0x0, 0x0, 0x0, 0x0,
    0xd3, 0x0, 0x8f, 0xef, 0xee, 0xe0, 0x6, 0xff,
    0xfc, 0x86, 0xe, 0x1, 0xe0, 0x2e, 0x20, 0x0,
    0x87, 0x2e, 0x23, 0xe0, 0x28, 0x66, 0x63, 0x8d,
    0xbf, 0xbb, 0xe0, 0x2, 0x5f, 0x53, 0x86, 0xe,
    0x1, 0xe0, 0x0, 0xf, 0x0, 0x8e, 0xdf, 0xdd,
    0xe0, 0x1f, 0xff, 0xff, 0x0, 0xe, 0x0, 0x0,
    0x1, 0x1f, 0x21, 0x0, 0xf, 0x0, 0x0, 0x0,
    0xf, 0x0, 0x7e, 0xef, 0xee, 0xe0, 0x0, 0xf,
    0x17, 0x0, 0xf, 0x0, 0x0, 0x0, 0x1f, 0xe8,
    0x0, 0xf, 0x0, 0x0, 0x0, 0x8b, 0x21, 0xee,
    0xef, 0xfe, 0xe7, 0x0, 0x0, 0x0, 0x0, 0x0,
    0x0, 0x0,

    /* U+95F2 "闲" */
    0x4, 0x0, 0x0, 0x0, 0x0, 0x0, 0x1d, 0x70,
    0xff, 0xff, 0xff, 0xfd, 0x1, 0xd4, 0x0, 0x0,
    0x0, 0x2d, 0x80, 0x20, 0x4, 0x40, 0x0, 0x2d,
    0xe1, 0x0, 0x7, 0x70, 0x0, 0x2d, 0xe1, 0x8d,
    0xde, 0xed, 0xdc, 0x2d, 0xe1, 0x0, 0x4f, 0xf5,
    0x0, 0x2d, 0xe1, 0x0, 0xca, 0x9d, 0x30, 0x2d,
    0xe1, 0xa, 0x87, 0x73, 0xe2, 0x2d, 0xe1, 0xba,
    0x7, 0x70, 0x68, 0x2d, 0xe1, 0x20, 0x7, 0x70,
    0x0, 0x2d, 0xe1, 0x0, 0x6, 0x70, 0x0, 0x3d,
    0xe1, 0x0, 0x0, 0x0, 0x7f, 0xe8, 0x0, 0x0,
    0x0, 0x0, 0x0, 0x0,

    /* U+9664 "除" */
    0x0, 0x0, 0x0, 0x1, 0x70, 0x0, 0xe, 0xef,
    0xd0, 0x0, 0xbe, 0x20, 0x0, 0xe0, 0x69, 0x0,
    0x8b, 0x4d, 0x20, 0xe, 0xc, 0x21, 0xac, 0x0,
    0x5e, 0x40, 0xe1, 0xc0, 0xdb, 0x43, 0x33, 0x7e,
    0x4e, 0x1c, 0x2, 0x6a, 0xcf, 0xaa, 0x0, 0xe0,
    0x68, 0x0, 0x3, 0xc0, 0x0, 0xe, 0x2, 0xc9,
    0xbb, 0xcf, 0xbb, 0xb2, 0xe1, 0x6c, 0x23, 0x25,
    0xd2, 0x32, 0xe, 0x6b, 0x40, 0xc3, 0x3c, 0x2d,
    0x10, 0xe0, 0x0, 0x6b, 0x3, 0xc0, 0x6b, 0xe,
    0x0, 0x1d, 0x10, 0x3c, 0x0, 0xb3, 0xe0, 0x0,
    0x0, 0xde, 0x80, 0x0, 0x0, 0x0, 0x0, 0x0,
    0x0, 0x0, 0x0,

    /* U+969C "障" */
    0x0, 0x0, 0x0, 0x3, 0x40, 0x0, 0xf, 0xef,
    0xf5, 0xcc, 0xdf, 0xcc, 0x70, 0xe0, 0x39, 0x0,
    0xd1, 0x9, 0x20, 0xe, 0x9, 0x48, 0x8d, 0xa8,
    0xe9, 0x80, 0xe0, 0xc0, 0x55, 0x55, 0x55, 0x55,
    0xe, 0xb, 0x40, 0xcb, 0xbb, 0xbc, 0x0, 0xe0,
    0x2b, 0xf, 0x0, 0x0, 0xe1, 0xe, 0x0, 0xe0,
    0xfa, 0xaa, 0xaf, 0x10, 0xe0, 0x2e, 0xf, 0x87,
    0x77, 0xf1, 0xe, 0x2c, 0x50, 0x33, 0x4e, 0x33,
    0x0, 0xe0, 0x0, 0xdd, 0xde, 0xfd, 0xdd, 0x2e,
    0x0, 0x0, 0x0, 0x1e, 0x0, 0x0, 0xe0, 0x0,
    0x0, 0x1, 0xe0, 0x0, 0x0, 0x0, 0x0, 0x0,
    0x0, 0x0, 0x0,

    /* U+9A71 "驱" */
    0x1e, 0xee, 0xf0, 0xef, 0xff, 0xff, 0xc0, 0x0,
    0x0, 0xe0, 0xe1, 0x0, 0x0, 0x0, 0x9, 0x30,
    0xe0, 0xe3, 0x40, 0xb, 0x10, 0xb, 0x21, 0xc0,
    0xe3, 0xd2, 0x3c, 0x0, 0xc, 0x3, 0xb0, 0xe1,
    0x5c, 0xa6, 0x0, 0xe, 0x4, 0x90, 0xe1, 0x9,
    0xf0, 0x0, 0xd, 0xdd, 0xe8, 0xe1, 0x9, 0xf3,
    0x0, 0x0, 0x0, 0x57, 0xe1, 0x3e, 0x5c, 0x0,
    0x2, 0x6a, 0x76, 0xe2, 0xd5, 0xb, 0x60, 0x7b,
    0x72, 0x94, 0xe6, 0x90, 0x3, 0x50, 0x0, 0x0,
    0xc2, 0xe4, 0x33, 0x33, 0x30, 0x0, 0xcd, 0xa0,
    0xab, 0xbb, 0xbb, 0xb0, 0x0, 0x0, 0x0, 0x0,
    0x0, 0x0, 0x0,

    /* U+9AD8 "高" */
    0x0, 0x0, 0x0, 0x95, 0x0, 0x0, 0x0, 0x7,
    0x77, 0x77, 0xbc, 0x77, 0x77, 0x70, 0x6, 0x66,
    0x66, 0x66, 0x66, 0x66, 0x60, 0x0, 0xc, 0xcc,
    0xcc, 0xcc, 0xc1, 0x0, 0x0, 0xf, 0x0, 0x0,
    0x0, 0xf1, 0x0, 0x0, 0xf, 0xaa, 0xaa, 0xaa,
    0xf1, 0x0, 0x0, 0x2, 0x22, 0x22, 0x22, 0x20,
    0x0, 0x9, 0xee, 0xee, 0xee, 0xee, 0xee, 0x90,
    0x9, 0x60, 0x11, 0x11, 0x11, 0x6, 0x90, 0x9,
    0x60, 0xfb, 0xbb, 0xbd, 0x6, 0x90, 0x9, 0x60,
    0xe0, 0x0, 0x1d, 0x6, 0x90, 0x9, 0x60, 0xfc,
    0xcc, 0xca, 0x6, 0x90, 0x9, 0x60, 0x60, 0x0,
    0x0, 0xac, 0x50,

    /* U+F015 "" */
    0x0, 0x0, 0x0, 0x3, 0x10, 0x3, 0x41, 0x0,
    0x0, 0x0, 0x0, 0x9f, 0xf5, 0xd, 0xf5, 0x0,
    0x0, 0x0, 0x1b, 0xfd, 0xff, 0x8d, 0xf5, 0x0,
    0x0, 0x2, 0xdf, 0xb1, 0x2d, 0xff, 0xf5, 0x0,
    0x0, 0x4f, 0xf8, 0x3e, 0xc2, 0xbf, 0xf5, 0x0,
    0x7, 0xff, 0x55, 0xff, 0xfe, 0x39, 0xfe, 0x40,
    0x9f, 0xe3, 0x8f, 0xff, 0xff, 0xf5, 0x6f, 0xf6,
    0xac, 0x2a, 0xff, 0xff, 0xff, 0xff, 0x73, 0xe6,
    0x0, 0x5f, 0xff, 0xff, 0xff, 0xff, 0xf1, 0x0,
    0x0, 0x6f, 0xff, 0xd7, 0x7f, 0xff, 0xf2, 0x0,
    0x0, 0x6f, 0xff, 0x90, 0xd, 0xff, 0xf2, 0x0,
    0x0, 0x6f, 0xff, 0x90, 0xd, 0xff, 0xf2, 0x0,
    0x0, 0x4f, 0xff, 0x70, 0xb, 0xff, 0xe1, 0x0,

    /* U+F021 "" */
    0x0, 0x0, 0x0, 0x0, 0x0, 0x0, 0x33, 0x0,
    0x1, 0x8d, 0xff, 0xc6, 0x0, 0xef, 0x0, 0x4e,
    0xff, 0xff, 0xff, 0xe4, 0xdf, 0x4, 0xff, 0xb3,
    0x0, 0x4c, 0xff, 0xff, 0xe, 0xf9, 0x0, 0x0,
    0x0, 0x8f, 0xff, 0x6f, 0xc0, 0x0, 0x1, 0xff,
    0xff, 0xff, 0x8e, 0x50, 0x0, 0x1, 0xde, 0xee,
    0xed, 0x0, 0x0, 0x0, 0x0, 0x0, 0x0, 0x0,
    0x22, 0x22, 0x22, 0x0, 0x0, 0x0, 0x21, 0xff,
    0xff, 0xff, 0x10, 0x0, 0x8, 0xf8, 0xff, 0xfb,
    0xbc, 0x10, 0x0, 0x1e, 0xf4, 0xff, 0xfc, 0x10,
    0x0, 0x1, 0xdf, 0xc0, 0xfe, 0xef, 0xe8, 0x44,
    0x8e, 0xfe, 0x10, 0xfe, 0x1a, 0xff, 0xff, 0xff,
    0xc1, 0x0, 0xfd, 0x0, 0x28, 0xbb, 0x94, 0x0,
    0x0,

    /* U+F068 "" */
    0x69, 0x99, 0x99, 0x99, 0x99, 0x98, 0xf, 0xff,
    0xff, 0xff, 0xff, 0xff, 0xf3, 0xdf, 0xff, 0xff,
    0xff, 0xff, 0xff, 0x20, 0x0, 0x0, 0x0, 0x0,
    0x0, 0x0,

    /* U+F071 "" */
    0x0, 0x0, 0x0, 0x0, 0x0, 0x0, 0x0, 0x0,
    0x0, 0x0, 0x0, 0x0, 0x3e, 0xd0, 0x0, 0x0,
    0x0, 0x0, 0x0, 0x0, 0xc, 0xff, 0x80, 0x0,
    0x0, 0x0, 0x0, 0x0, 0x6, 0xff, 0xff, 0x20,
    0x0, 0x0, 0x0, 0x0, 0x0, 0xef, 0xff, 0xfb,
    0x0, 0x0, 0x0, 0x0, 0x0, 0x8f, 0xfc, 0xcf,
    0xf4, 0x0, 0x0, 0x0, 0x0, 0x2f, 0xfb, 0x0,
    0xff, 0xd0, 0x0, 0x0, 0x0, 0xb, 0xff, 0xc0,
    0xf, 0xff, 0x70, 0x0, 0x0, 0x4, 0xff, 0xfd,
    0x1, 0xff, 0xff, 0x10, 0x0, 0x0, 0xdf, 0xff,
    0xe0, 0x2f, 0xff, 0xfa, 0x0, 0x0, 0x7f, 0xff,
    0xff, 0x9b, 0xff, 0xff, 0xf3, 0x0, 0x1f, 0xff,
    0xff, 0xb0, 0xe, 0xff, 0xff, 0xc0, 0xa, 0xff,
    0xff, 0xfe, 0x24, 0xff, 0xff, 0xff, 0x60, 0xff,
    0xff, 0xff, 0xff, 0xff, 0xff, 0xff, 0xfa, 0x6,
    0xcc, 0xcc, 0xcc, 0xcc, 0xcc, 0xcc, 0xcb, 0x30,

    /* U+F093 "" */
    0x0, 0x0, 0x0, 0x0, 0x0, 0x0, 0x0, 0x0,
    0x0, 0x1, 0xdd, 0x10, 0x0, 0x0, 0x0, 0x0,
    0x1d, 0xff, 0xd1, 0x0, 0x0, 0x0, 0x1, 0xdf,
    0xff, 0xfd, 0x10, 0x0, 0x0, 0x1d, 0xff, 0xff,
    0xff, 0xd1, 0x0, 0x0, 0x9f, 0xff, 0xff, 0xff,
    0xf9, 0x0, 0x0, 0x1, 0x1c, 0xff, 0xc1, 0x10,
    0x0, 0x0, 0x0, 0xc, 0xff, 0xc0, 0x0, 0x0,
    0x0, 0x0, 0xc, 0xff, 0xc0, 0x0, 0x0, 0x0,
    0x0, 0xc, 0xff, 0xc0, 0x0, 0x0, 0x79, 0x99,
    0x3b, 0xff, 0xb3, 0x99, 0x97, 0xff, 0xff, 0xb2,
    0x44, 0x2b, 0xff, 0xff, 0xff, 0xff, 0xfe, 0xdd,
    0xef, 0xff, 0xff, 0xff, 0xff, 0xff, 0xff, 0xfa,
    0xb3, 0xcf, 0xac, 0xcc, 0xcc, 0xcc, 0xcc, 0xcc,
    0xca,

    /* U+F1EB "" */
    0x0, 0x0, 0x0, 0x24, 0x55, 0x31, 0x0, 0x0,
    0x0, 0x0, 0x3, 0xaf, 0xff, 0xff, 0xff, 0xc7,
    0x0, 0x0, 0x2, 0xbf, 0xff, 0xfe, 0xde, 0xff,
    0xff, 0xf6, 0x0, 0x5f, 0xff, 0xb5, 0x10, 0x0,
    0x3, 0x8e, 0xff, 0xb0, 0xdf, 0xd3, 0x0, 0x0,
    0x0, 0x0, 0x0, 0x8f, 0xf5, 0x18, 0x0, 0x5,
    0xae, 0xfe, 0xc8, 0x10, 0x4, 0x60, 0x0, 0x2,
    0xdf, 0xff, 0xff, 0xff, 0xf8, 0x0, 0x0, 0x0,
    0xc, 0xff, 0x95, 0x34, 0x7d, 0xff, 0x40, 0x0,
    0x0, 0x2, 0xa2, 0x0, 0x0, 0x0, 0x77, 0x0,
    0x0, 0x0, 0x0, 0x0, 0x2, 0x96, 0x0, 0x0,
    0x0, 0x0, 0x0, 0x0, 0x0, 0xd, 0xff, 0x50,
    0x0, 0x0, 0x0, 0x0, 0x0, 0x0, 0xe, 0xff,
    0x60, 0x0, 0x0, 0x0, 0x0, 0x0, 0x0, 0x5,
    0xda, 0x0, 0x0, 0x0, 0x0,

    /* U+F200 "" */
    0x0, 0x0, 0x0, 0x0, 0x12, 0x0, 0x0, 0x0,
    0x0, 0x0, 0x0, 0x0, 0x8f, 0xe8, 0x0, 0x0,
    0x0, 0x0, 0x6d, 0xf1, 0x9f, 0xff, 0xc1, 0x0,
    0x0, 0xb, 0xff, 0xf2, 0x9f, 0xff, 0xfc, 0x0,
    0x0, 0xaf, 0xff, 0xf2, 0x9f, 0xff, 0xff, 0x60,
    0x4, 0xff, 0xff, 0xf2, 0x9f, 0xff, 0xff, 0xc0,
    0xb, 0xff, 0xff, 0xf2, 0x9f, 0xff, 0xff, 0xf0,
    0xe, 0xff, 0xff, 0xf2, 0x25, 0x55, 0x55, 0x40,
    0xf, 0xff, 0xff, 0xf2, 0x2, 0x22, 0x22, 0x21,
    0xe, 0xff, 0xff, 0xfc, 0x6, 0xff, 0xff, 0xfc,
    0xa, 0xff, 0xff, 0xff, 0xc0, 0x6f, 0xff, 0xf9,
    0x3, 0xff, 0xff, 0xff, 0xfc, 0x6, 0xff, 0xf2,
    0x0, 0x7f, 0xff, 0xff, 0xff, 0xc0, 0x6f, 0x70,
    0x0, 0x7, 0xff, 0xff, 0xff, 0xf5, 0x2, 0x0,
    0x0, 0x0, 0x29, 0xde, 0xda, 0x30, 0x0, 0x0,

    /* U+F7C2 "" */
    0x0, 0x0, 0x0, 0x0, 0x0, 0x0, 0x3, 0xef,
    0xff, 0xff, 0xe2, 0x3, 0xfb, 0xfb, 0xce, 0xbf,
    0xa4, 0xff, 0x1d, 0x3, 0xa1, 0xfa, 0xff, 0xf1,
    0xd0, 0x3a, 0x1f, 0xaf, 0xff, 0xff, 0xff, 0xff,
    0xfa, 0xff, 0xff, 0xff, 0xff, 0xff, 0xaf, 0xff,
    0xff, 0xff, 0xff, 0xfa, 0xff, 0xff, 0xff, 0xff,
    0xff, 0xaf, 0xff, 0xff, 0xff, 0xff, 0xfa, 0xff,
    0xff, 0xff, 0xff, 0xff, 0xaf, 0xff, 0xff, 0xff,
    0xff, 0xfa, 0xff, 0xff, 0xff, 0xff, 0xff, 0xad,
    0xff, 0xff, 0xff, 0xff, 0xf8, 0x29, 0xaa, 0xaa,
    0xaa, 0xa8, 0x0
};


/*---------------------
 *  GLYPH DESCRIPTION
 *--------------------*/

static const lv_font_fmt_txt_glyph_dsc_t glyph_dsc[] = {
    {.bitmap_index = 0, .adv_w = 0, .box_w = 0, .box_h = 0, .ofs_x = 0, .ofs_y = 0} /* id = 0 reserved */,
    {.bitmap_index = 0, .adv_w = 60, .box_w = 0, .box_h = 0, .ofs_x = 0, .ofs_y = 0},
    {.bitmap_index = 0, .adv_w = 60, .box_w = 3, .box_h = 10, .ofs_x = 0, .ofs_y = 0},
    {.bitmap_index = 15, .adv_w = 88, .box_w = 5, .box_h = 5, .ofs_x = 0, .ofs_y = 5},
    {.bitmap_index = 28, .adv_w = 157, .box_w = 10, .box_h = 10, .ofs_x = 0, .ofs_y = 0},
    {.bitmap_index = 78, .adv_w = 139, .box_w = 9, .box_h = 15, .ofs_x = 0, .ofs_y = -2},
    {.bitmap_index = 146, .adv_w = 189, .box_w = 12, .box_h = 10, .ofs_x = 0, .ofs_y = 0},
    {.bitmap_index = 206, .adv_w = 154, .box_w = 10, .box_h = 11, .ofs_x = 0, .ofs_y = -1},
    {.bitmap_index = 261, .adv_w = 47, .box_w = 3, .box_h = 5, .ofs_x = 0, .ofs_y = 5},
    {.bitmap_index = 269, .adv_w = 75, .box_w = 4, .box_h = 14, .ofs_x = 1, .ofs_y = -3},
    {.bitmap_index = 297, .adv_w = 76, .box_w = 4, .box_h = 14, .ofs_x = 0, .ofs_y = -3},
    {.bitmap_index = 325, .adv_w = 90, .box_w = 6, .box_h = 6, .ofs_x = 0, .ofs_y = 5},
    {.bitmap_index = 343, .adv_w = 130, .box_w = 8, .box_h = 7, .ofs_x = 0, .ofs_y = 2},
    {.bitmap_index = 371, .adv_w = 51, .box_w = 3, .box_h = 5, .ofs_x = 0, .ofs_y = -2},
    {.bitmap_index = 379, .adv_w = 86, .box_w = 5, .box_h = 3, .ofs_x = 0, .ofs_y = 3},
    {.bitmap_index = 387, .adv_w = 51, .box_w = 3, .box_h = 3, .ofs_x = 0, .ofs_y = 0},
    {.bitmap_index = 392, .adv_w = 79, .box_w = 7, .box_h = 14, .ofs_x = -1, .ofs_y = -1},
    {.bitmap_index = 441, .adv_w = 149, .box_w = 9, .box_h = 10, .ofs_x = 0, .ofs_y = 0},
    {.bitmap_index = 486, .adv_w = 83, .box_w = 4, .box_h = 10, .ofs_x = 0, .ofs_y = 0},
    {.bitmap_index = 506, .adv_w = 129, .box_w = 8, .box_h = 10, .ofs_x = 0, .ofs_y = 0},
    {.bitmap_index = 546, .adv_w = 128, .box_w = 8, .box_h = 10, .ofs_x = 0, .ofs_y = 0},
    {.bitmap_index = 586, .adv_w = 150, .box_w = 10, .box_h = 10, .ofs_x = 0, .ofs_y = 0},
    {.bitmap_index = 636, .adv_w = 129, .box_w = 8, .box_h = 10, .ofs_x = 0, .ofs_y = 0},
    {.bitmap_index = 676, .adv_w = 138, .box_w = 9, .box_h = 10, .ofs_x = 0, .ofs_y = 0},
    {.bitmap_index = 721, .adv_w = 134, .box_w = 8, .box_h = 10, .ofs_x = 0, .ofs_y = 0},
    {.bitmap_index = 761, .adv_w = 144, .box_w = 9, .box_h = 10, .ofs_x = 0, .ofs_y = 0},
    {.bitmap_index = 806, .adv_w = 138, .box_w = 8, .box_h = 10, .ofs_x = 0, .ofs_y = 0},
    {.bitmap_index = 846, .adv_w = 51, .box_w = 3, .box_h = 8, .ofs_x = 0, .ofs_y = 0},
    {.bitmap_index = 858, .adv_w = 51, .box_w = 3, .box_h = 11, .ofs_x = 0, .ofs_y = -3},
    {.bitmap_index = 875, .adv_w = 130, .box_w = 8, .box_h = 8, .ofs_x = 0, .ofs_y = 1},
    {.bitmap_index = 907, .adv_w = 130, .box_w = 8, .box_h = 6, .ofs_x = 0, .ofs_y = 2},
    {.bitmap_index = 931, .adv_w = 130, .box_w = 8, .box_h = 8, .ofs_x = 0, .ofs_y = 1},
    {.bitmap_index = 963, .adv_w = 128, .box_w = 8, .box_h = 10, .ofs_x = 0, .ofs_y = 0},
    {.bitmap_index = 1003, .adv_w = 232, .box_w = 14, .box_h = 13, .ofs_x = 0, .ofs_y = -3},
    {.bitmap_index = 1094, .adv_w = 164, .box_w = 12, .box_h = 10, .ofs_x = -1, .ofs_y = 0},
    {.bitmap_index = 1154, .adv_w = 170, .box_w = 9, .box_h = 10, .ofs_x = 1, .ofs_y = 0},
    {.bitmap_index = 1199, .adv_w = 162, .box_w = 10, .box_h = 10, .ofs_x = 0, .ofs_y = 0},
    {.bitmap_index = 1249, .adv_w = 185, .box_w = 10, .box_h = 10, .ofs_x = 1, .ofs_y = 0},
    {.bitmap_index = 1299, .adv_w = 150, .box_w = 8, .box_h = 10, .ofs_x = 1, .ofs_y = 0},
    {.bitmap_index = 1339, .adv_w = 142, .box_w = 8, .box_h = 10, .ofs_x = 1, .ofs_y = 0},
    {.bitmap_index = 1379, .adv_w = 173, .box_w = 10, .box_h = 10, .ofs_x = 0, .ofs_y = 0},
    {.bitmap_index = 1429, .adv_w = 182, .box_w = 9, .box_h = 10, .ofs_x = 1, .ofs_y = 0},
    {.bitmap_index = 1474, .adv_w = 69, .box_w = 2, .box_h = 10, .ofs_x = 1, .ofs_y = 0},
    {.bitmap_index = 1484, .adv_w = 115, .box_w = 7, .box_h = 10, .ofs_x = -1, .ofs_y = 0},
    {.bitmap_index = 1519, .adv_w = 161, .box_w = 10, .box_h = 10, .ofs_x = 1, .ofs_y = 0},
    {.bitmap_index = 1569, .adv_w = 133, .box_w = 8, .box_h = 10, .ofs_x = 1, .ofs_y = 0},
    {.bitmap_index = 1609, .adv_w = 214, .box_w = 11, .box_h = 10, .ofs_x = 1, .ofs_y = 0},
    {.bitmap_index = 1664, .adv_w = 182, .box_w = 9, .box_h = 10, .ofs_x = 1, .ofs_y = 0},
    {.bitmap_index = 1709, .adv_w = 188, .box_w = 12, .box_h = 10, .ofs_x = 0, .ofs_y = 0},
    {.bitmap_index = 1769, .adv_w = 162, .box_w = 9, .box_h = 10, .ofs_x = 1, .ofs_y = 0},
    {.bitmap_index = 1814, .adv_w = 188, .box_w = 12, .box_h = 13, .ofs_x = 0, .ofs_y = -3},
    {.bitmap_index = 1892, .adv_w = 163, .box_w = 9, .box_h = 10, .ofs_x = 1, .ofs_y = 0},
    {.bitmap_index = 1937, .adv_w = 139, .box_w = 9, .box_h = 10, .ofs_x = 0, .ofs_y = 0},
    {.bitmap_index = 1982, .adv_w = 131, .box_w = 9, .box_h = 10, .ofs_x = 0, .ofs_y = 0},
    {.bitmap_index = 2027, .adv_w = 177, .box_w = 9, .box_h = 10, .ofs_x = 1, .ofs_y = 0},
    {.bitmap_index = 2072, .adv_w = 159, .box_w = 11, .box_h = 10, .ofs_x = -1, .ofs_y = 0},
    {.bitmap_index = 2127, .adv_w = 252, .box_w = 16, .box_h = 10, .ofs_x = 0, .ofs_y = 0},
    {.bitmap_index = 2207, .adv_w = 151, .box_w = 10, .box_h = 10, .ofs_x = 0, .ofs_y = 0},
    {.bitmap_index = 2257, .adv_w = 145, .box_w = 11, .box_h = 10, .ofs_x = -1, .ofs_y = 0},
    {.bitmap_index = 2312, .adv_w = 147, .box_w = 9, .box_h = 10, .ofs_x = 0, .ofs_y = 0},
    {.bitmap_index = 2357, .adv_w = 75, .box_w = 4, .box_h = 14, .ofs_x = 1, .ofs_y = -3},
    {.bitmap_index = 2385, .adv_w = 79, .box_w = 7, .box_h = 14, .ofs_x = -1, .ofs_y = -1},
    {.bitmap_index = 2434, .adv_w = 75, .box_w = 4, .box_h = 14, .ofs_x = 0, .ofs_y = -3},
    {.bitmap_index = 2462, .adv_w = 131, .box_w = 7, .box_h = 6, .ofs_x = 1, .ofs_y = 2},
    {.bitmap_index = 2483, .adv_w = 112, .box_w = 7, .box_h = 1, .ofs_x = 0, .ofs_y = -1},
    {.bitmap_index = 2487, .adv_w = 134, .box_w = 5, .box_h = 2, .ofs_x = 1, .ofs_y = 9},
    {.bitmap_index = 2492, .adv_w = 134, .box_w = 8, .box_h = 8, .ofs_x = 0, .ofs_y = 0},
    {.bitmap_index = 2524, .adv_w = 153, .box_w = 8, .box_h = 11, .ofs_x = 1, .ofs_y = 0},
    {.bitmap_index = 2568, .adv_w = 128, .box_w = 8, .box_h = 8, .ofs_x = 0, .ofs_y = 0},
    {.bitmap_index = 2600, .adv_w = 153, .box_w = 9, .box_h = 11, .ofs_x = 0, .ofs_y = 0},
    {.bitmap_index = 2650, .adv_w = 137, .box_w = 8, .box_h = 8, .ofs_x = 0, .ofs_y = 0},
    {.bitmap_index = 2682, .adv_w = 79, .box_w = 6, .box_h = 11, .ofs_x = 0, .ofs_y = 0},
    {.bitmap_index = 2715, .adv_w = 155, .box_w = 9, .box_h = 11, .ofs_x = 0, .ofs_y = -3},
    {.bitmap_index = 2765, .adv_w = 153, .box_w = 8, .box_h = 11, .ofs_x = 1, .ofs_y = 0},
    {.bitmap_index = 2809, .adv_w = 62, .box_w = 2, .box_h = 11, .ofs_x = 1, .ofs_y = 0},
    {.bitmap_index = 2820, .adv_w = 64, .box_w = 5, .box_h = 14, .ofs_x = -2, .ofs_y = -3},
    {.bitmap_index = 2855, .adv_w = 138, .box_w = 8, .box_h = 11, .ofs_x = 1, .ofs_y = 0},
    {.bitmap_index = 2899, .adv_w = 62, .box_w = 2, .box_h = 11, .ofs_x = 1, .ofs_y = 0},
    {.bitmap_index = 2910, .adv_w = 237, .box_w = 13, .box_h = 8, .ofs_x = 1, .ofs_y = 0},
    {.bitmap_index = 2962, .adv_w = 153, .box_w = 8, .box_h = 8, .ofs_x = 1, .ofs_y = 0},
    {.bitmap_index = 2994, .adv_w = 142, .box_w = 9, .box_h = 8, .ofs_x = 0, .ofs_y = 0},
    {.bitmap_index = 3030, .adv_w = 153, .box_w = 8, .box_h = 11, .ofs_x = 1, .ofs_y = -3},
    {.bitmap_index = 3074, .adv_w = 153, .box_w = 9, .box_h = 11, .ofs_x = 0, .ofs_y = -3},
    {.bitmap_index = 3124, .adv_w = 92, .box_w = 5, .box_h = 8, .ofs_x = 1, .ofs_y = 0},
    {.bitmap_index = 3144, .adv_w = 112, .box_w = 7, .box_h = 8, .ofs_x = 0, .ofs_y = 0},
    {.bitmap_index = 3172, .adv_w = 93, .box_w = 6, .box_h = 10, .ofs_x = 0, .ofs_y = 0},
    {.bitmap_index = 3202, .adv_w = 152, .box_w = 8, .box_h = 8, .ofs_x = 1, .ofs_y = 0},
    {.bitmap_index = 3234, .adv_w = 125, .box_w = 9, .box_h = 8, .ofs_x = -1, .ofs_y = 0},
    {.bitmap_index = 3270, .adv_w = 201, .box_w = 13, .box_h = 8, .ofs_x = 0, .ofs_y = 0},
    {.bitmap_index = 3322, .adv_w = 124, .box_w = 8, .box_h = 8, .ofs_x = 0, .ofs_y = 0},
    {.bitmap_index = 3354, .adv_w = 125, .box_w = 9, .box_h = 11, .ofs_x = -1, .ofs_y = -3},
    {.bitmap_index = 3404, .adv_w = 117, .box_w = 7, .box_h = 8, .ofs_x = 0, .ofs_y = 0},
    {.bitmap_index = 3432, .adv_w = 79, .box_w = 5, .box_h = 14, .ofs_x = 0, .ofs_y = -3},
    {.bitmap_index = 3467, .adv_w = 67, .box_w = 2, .box_h = 14, .ofs_x = 1, .ofs_y = -3},
    {.bitmap_index = 3481, .adv_w = 79, .box_w = 5, .box_h = 14, .ofs_x = 0, .ofs_y = -3},
    {.bitmap_index = 3516, .adv_w = 130, .box_w = 8, .box_h = 3, .ofs_x = 0, .ofs_y = 3},
    {.bitmap_index = 3528, .adv_w = 224, .box_w = 14, .box_h = 12, .ofs_x = 0, .ofs_y = -1},
    {.bitmap_index = 3612, .adv_w = 224, .box_w = 13, .box_h = 14, .ofs_x = 0, .ofs_y = -2},
    {.bitmap_index = 3703, .adv_w = 224, .box_w = 14, .box_h = 14, .ofs_x = 0, .ofs_y = -2},
    {.bitmap_index = 3801, .adv_w = 224, .box_w = 14, .box_h = 15, .ofs_x = 0, .ofs_y = -2},
    {.bitmap_index = 3906, .adv_w = 224, .box_w = 14, .box_h = 14, .ofs_x = 0, .ofs_y = -2},
    {.bitmap_index = 4004, .adv_w = 224, .box_w = 14, .box_h = 13, .ofs_x = 0, .ofs_y = -1},
    {.bitmap_index = 4095, .adv_w = 224, .box_w = 14, .box_h = 14, .ofs_x = 0, .ofs_y = -2},
    {.bitmap_index = 4193, .adv_w = 224, .box_w = 14, .box_h = 13, .ofs_x = 0, .ofs_y = -1},
    {.bitmap_index = 4284, .adv_w = 224, .box_w = 14, .box_h = 14, .ofs_x = 0, .ofs_y = -2},
    {.bitmap_index = 4382, .adv_w = 224, .box_w = 14, .box_h = 14, .ofs_x = 0, .ofs_y = -1},
    {.bitmap_index = 4480, .adv_w = 224, .box_w = 14, .box_h = 15, .ofs_x = 0, .ofs_y = -2},
    {.bitmap_index = 4585, .adv_w = 224, .box_w = 14, .box_h = 13, .ofs_x = 0, .ofs_y = -1},
    {.bitmap_index = 4676, .adv_w = 224, .box_w = 14, .box_h = 13, .ofs_x = 0, .ofs_y = -1},
    {.bitmap_index = 4767, .adv_w = 224, .box_w = 14, .box_h = 13, .ofs_x = 0, .ofs_y = -1},
    {.bitmap_index = 4858, .adv_w = 224, .box_w = 13, .box_h = 15, .ofs_x = 0, .ofs_y = -2},
    {.bitmap_index = 4956, .adv_w = 224, .box_w = 14, .box_h = 14, .ofs_x = 0, .ofs_y = -2},
    {.bitmap_index = 5054, .adv_w = 224, .box_w = 14, .box_h = 14, .ofs_x = 0, .ofs_y = -2},
    {.bitmap_index = 5152, .adv_w = 224, .box_w = 14, .box_h = 15, .ofs_x = 0, .ofs_y = -2},
    {.bitmap_index = 5257, .adv_w = 224, .box_w = 14, .box_h = 13, .ofs_x = 0, .ofs_y = -1},
    {.bitmap_index = 5348, .adv_w = 224, .box_w = 14, .box_h = 13, .ofs_x = 0, .ofs_y = -1},
    {.bitmap_index = 5439, .adv_w = 224, .box_w = 14, .box_h = 12, .ofs_x = 0, .ofs_y = -1},
    {.bitmap_index = 5523, .adv_w = 224, .box_w = 14, .box_h = 12, .ofs_x = 0, .ofs_y = -1},
    {.bitmap_index = 5607, .adv_w = 224, .box_w = 14, .box_h = 14, .ofs_x = 0, .ofs_y = -2},
    {.bitmap_index = 5705, .adv_w = 224, .box_w = 14, .box_h = 13, .ofs_x = 0, .ofs_y = -2},
    {.bitmap_index = 5796, .adv_w = 224, .box_w = 12, .box_h = 12, .ofs_x = 1, .ofs_y = -1},
    {.bitmap_index = 5868, .adv_w = 224, .box_w = 12, .box_h = 13, .ofs_x = 1, .ofs_y = -1},
    {.bitmap_index = 5946, .adv_w = 224, .box_w = 14, .box_h = 13, .ofs_x = 0, .ofs_y = -1},
    {.bitmap_index = 6037, .adv_w = 224, .box_w = 14, .box_h = 13, .ofs_x = 0, .ofs_y = -1},
    {.bitmap_index = 6128, .adv_w = 224, .box_w = 14, .box_h = 14, .ofs_x = 0, .ofs_y = -2},
    {.bitmap_index = 6226, .adv_w = 224, .box_w = 14, .box_h = 14, .ofs_x = 0, .ofs_y = -1},
    {.bitmap_index = 6324, .adv_w = 224, .box_w = 14, .box_h = 13, .ofs_x = 0, .ofs_y = -1},
    {.bitmap_index = 6415, .adv_w = 224, .box_w = 12, .box_h = 13, .ofs_x = 1, .ofs_y = -1},
    {.bitmap_index = 6493, .adv_w = 224, .box_w = 14, .box_h = 14, .ofs_x = 0, .ofs_y = -2},
    {.bitmap_index = 6591, .adv_w = 224, .box_w = 13, .box_h = 13, .ofs_x = 1, .ofs_y = -1},
    {.bitmap_index = 6676, .adv_w = 224, .box_w = 13, .box_h = 12, .ofs_x = 1, .ofs_y = -1},
    {.bitmap_index = 6754, .adv_w = 224, .box_w = 13, .box_h = 15, .ofs_x = 1, .ofs_y = -2},
    {.bitmap_index = 6852, .adv_w = 224, .box_w = 12, .box_h = 13, .ofs_x = 1, .ofs_y = -1},
    {.bitmap_index = 6930, .adv_w = 224, .box_w = 14, .box_h = 13, .ofs_x = 0, .ofs_y = -1},
    {.bitmap_index = 7021, .adv_w = 224, .box_w = 14, .box_h = 14, .ofs_x = 0, .ofs_y = -1},
    {.bitmap_index = 7119, .adv_w = 224, .box_w = 14, .box_h = 13, .ofs_x = 0, .ofs_y = -1},
    {.bitmap_index = 7210, .adv_w = 224, .box_w = 14, .box_h = 13, .ofs_x = 0, .ofs_y = -1},
    {.bitmap_index = 7301, .adv_w = 224, .box_w = 14, .box_h = 13, .ofs_x = 0, .ofs_y = -1},
    {.bitmap_index = 7392, .adv_w = 224, .box_w = 14, .box_h = 14, .ofs_x = 0, .ofs_y = -2},
    {.bitmap_index = 7490, .adv_w = 224, .box_w = 14, .box_h = 13, .ofs_x = 0, .ofs_y = -1},
    {.bitmap_index = 7581, .adv_w = 224, .box_w = 14, .box_h = 13, .ofs_x = 0, .ofs_y = -1},
    {.bitmap_index = 7672, .adv_w = 224, .box_w = 14, .box_h = 13, .ofs_x = 0, .ofs_y = -1},
    {.bitmap_index = 7763, .adv_w = 224, .box_w = 14, .box_h = 14, .ofs_x = 0, .ofs_y = -2},
    {.bitmap_index = 7861, .adv_w = 224, .box_w = 14, .box_h = 14, .ofs_x = 0, .ofs_y = -2},
    {.bitmap_index = 7959, .adv_w = 224, .box_w = 14, .box_h = 13, .ofs_x = 0, .ofs_y = -1},
    {.bitmap_index = 8050, .adv_w = 224, .box_w = 14, .box_h = 15, .ofs_x = 0, .ofs_y = -2},
    {.bitmap_index = 8155, .adv_w = 224, .box_w = 14, .box_h = 14, .ofs_x = 0, .ofs_y = -2},
    {.bitmap_index = 8253, .adv_w = 224, .box_w = 14, .box_h = 13, .ofs_x = 0, .ofs_y = -1},
    {.bitmap_index = 8344, .adv_w = 224, .box_w = 14, .box_h = 14, .ofs_x = 0, .ofs_y = -2},
    {.bitmap_index = 8442, .adv_w = 224, .box_w = 14, .box_h = 14, .ofs_x = 0, .ofs_y = -1},
    {.bitmap_index = 8540, .adv_w = 224, .box_w = 14, .box_h = 14, .ofs_x = 0, .ofs_y = -2},
    {.bitmap_index = 8638, .adv_w = 224, .box_w = 14, .box_h = 14, .ofs_x = 0, .ofs_y = -2},
    {.bitmap_index = 8736, .adv_w = 224, .box_w = 14, .box_h = 13, .ofs_x = 0, .ofs_y = -1},
    {.bitmap_index = 8827, .adv_w = 224, .box_w = 14, .box_h = 14, .ofs_x = 0, .ofs_y = -2},
    {.bitmap_index = 8925, .adv_w = 224, .box_w = 14, .box_h = 13, .ofs_x = 0, .ofs_y = -2},
    {.bitmap_index = 9016, .adv_w = 224, .box_w = 13, .box_h = 13, .ofs_x = 1, .ofs_y = -1},
    {.bitmap_index = 9101, .adv_w = 224, .box_w = 14, .box_h = 13, .ofs_x = 0, .ofs_y = -1},
    {.bitmap_index = 9192, .adv_w = 224, .box_w = 14, .box_h = 12, .ofs_x = 0, .ofs_y = -1},
    {.bitmap_index = 9276, .adv_w = 224, .box_w = 14, .box_h = 13, .ofs_x = 0, .ofs_y = -1},
    {.bitmap_index = 9367, .adv_w = 224, .box_w = 14, .box_h = 14, .ofs_x = 0, .ofs_y = -2},
    {.bitmap_index = 9465, .adv_w = 224, .box_w = 14, .box_h = 14, .ofs_x = 0, .ofs_y = -2},
    {.bitmap_index = 9563, .adv_w = 224, .box_w = 14, .box_h = 13, .ofs_x = 0, .ofs_y = -1},
    {.bitmap_index = 9654, .adv_w = 224, .box_w = 14, .box_h = 14, .ofs_x = 0, .ofs_y = -2},
    {.bitmap_index = 9752, .adv_w = 224, .box_w = 14, .box_h = 13, .ofs_x = 0, .ofs_y = -1},
    {.bitmap_index = 9843, .adv_w = 224, .box_w = 14, .box_h = 14, .ofs_x = 0, .ofs_y = -2},
    {.bitmap_index = 9941, .adv_w = 224, .box_w = 14, .box_h = 14, .ofs_x = 0, .ofs_y = -2},
    {.bitmap_index = 10039, .adv_w = 224, .box_w = 14, .box_h = 12, .ofs_x = 0, .ofs_y = -1},
    {.bitmap_index = 10123, .adv_w = 224, .box_w = 14, .box_h = 14, .ofs_x = 0, .ofs_y = -2},
    {.bitmap_index = 10221, .adv_w = 224, .box_w = 14, .box_h = 14, .ofs_x = 0, .ofs_y = -2},
    {.bitmap_index = 10319, .adv_w = 224, .box_w = 14, .box_h = 14, .ofs_x = 0, .ofs_y = -2},
    {.bitmap_index = 10417, .adv_w = 224, .box_w = 14, .box_h = 14, .ofs_x = 0, .ofs_y = -2},
    {.bitmap_index = 10515, .adv_w = 224, .box_w = 13, .box_h = 15, .ofs_x = 0, .ofs_y = -2},
    {.bitmap_index = 10613, .adv_w = 224, .box_w = 13, .box_h = 13, .ofs_x = 0, .ofs_y = -1},
    {.bitmap_index = 10698, .adv_w = 224, .box_w = 14, .box_h = 13, .ofs_x = 0, .ofs_y = -1},
    {.bitmap_index = 10789, .adv_w = 224, .box_w = 14, .box_h = 14, .ofs_x = 0, .ofs_y = -2},
    {.bitmap_index = 10887, .adv_w = 224, .box_w = 13, .box_h = 14, .ofs_x = 0, .ofs_y = -2},
    {.bitmap_index = 10978, .adv_w = 224, .box_w = 14, .box_h = 13, .ofs_x = 0, .ofs_y = -1},
    {.bitmap_index = 11069, .adv_w = 224, .box_w = 14, .box_h = 13, .ofs_x = 0, .ofs_y = -1},
    {.bitmap_index = 11160, .adv_w = 224, .box_w = 14, .box_h = 13, .ofs_x = 0, .ofs_y = -1},
    {.bitmap_index = 11251, .adv_w = 224, .box_w = 14, .box_h = 13, .ofs_x = 0, .ofs_y = -1},
    {.bitmap_index = 11342, .adv_w = 224, .box_w = 13, .box_h = 13, .ofs_x = 1, .ofs_y = -1},
    {.bitmap_index = 11427, .adv_w = 224, .box_w = 14, .box_h = 14, .ofs_x = 0, .ofs_y = -2},
    {.bitmap_index = 11525, .adv_w = 224, .box_w = 14, .box_h = 13, .ofs_x = 0, .ofs_y = -1},
    {.bitmap_index = 11616, .adv_w = 224, .box_w = 12, .box_h = 13, .ofs_x = 1, .ofs_y = -1},
    {.bitmap_index = 11694, .adv_w = 224, .box_w = 14, .box_h = 14, .ofs_x = 0, .ofs_y = -2},
    {.bitmap_index = 11792, .adv_w = 224, .box_w = 14, .box_h = 13, .ofs_x = 0, .ofs_y = -1},
    {.bitmap_index = 11883, .adv_w = 224, .box_w = 14, .box_h = 13, .ofs_x = 0, .ofs_y = -1},
    {.bitmap_index = 11974, .adv_w = 224, .box_w = 13, .box_h = 13, .ofs_x = 1, .ofs_y = -1},
    {.bitmap_index = 12059, .adv_w = 224, .box_w = 14, .box_h = 13, .ofs_x = 0, .ofs_y = -1},
    {.bitmap_index = 12150, .adv_w = 224, .box_w = 14, .box_h = 14, .ofs_x = 0, .ofs_y = -2},
    {.bitmap_index = 12248, .adv_w = 224, .box_w = 14, .box_h = 13, .ofs_x = 0, .ofs_y = -1},
    {.bitmap_index = 12339, .adv_w = 224, .box_w = 14, .box_h = 13, .ofs_x = 0, .ofs_y = -1},
    {.bitmap_index = 12430, .adv_w = 224, .box_w = 13, .box_h = 15, .ofs_x = 1, .ofs_y = -2},
    {.bitmap_index = 12528, .adv_w = 224, .box_w = 14, .box_h = 14, .ofs_x = 0, .ofs_y = -1},
    {.bitmap_index = 12626, .adv_w = 224, .box_w = 14, .box_h = 13, .ofs_x = 0, .ofs_y = -1},
    {.bitmap_index = 12717, .adv_w = 224, .box_w = 14, .box_h = 14, .ofs_x = 0, .ofs_y = -2},
    {.bitmap_index = 12815, .adv_w = 224, .box_w = 14, .box_h = 14, .ofs_x = 0, .ofs_y = -2},
    {.bitmap_index = 12913, .adv_w = 224, .box_w = 14, .box_h = 14, .ofs_x = 0, .ofs_y = -2},
    {.bitmap_index = 13011, .adv_w = 224, .box_w = 14, .box_h = 13, .ofs_x = 0, .ofs_y = -1},
    {.bitmap_index = 13102, .adv_w = 224, .box_w = 14, .box_h = 15, .ofs_x = 0, .ofs_y = -2},
    {.bitmap_index = 13207, .adv_w = 224, .box_w = 14, .box_h = 13, .ofs_x = 0, .ofs_y = -1},
    {.bitmap_index = 13298, .adv_w = 224, .box_w = 14, .box_h = 14, .ofs_x = 0, .ofs_y = -2},
    {.bitmap_index = 13396, .adv_w = 224, .box_w = 14, .box_h = 14, .ofs_x = 0, .ofs_y = -2},
    {.bitmap_index = 13494, .adv_w = 224, .box_w = 14, .box_h = 14, .ofs_x = 0, .ofs_y = -2},
    {.bitmap_index = 13592, .adv_w = 224, .box_w = 14, .box_h = 14, .ofs_x = 0, .ofs_y = -2},
    {.bitmap_index = 13690, .adv_w = 224, .box_w = 12, .box_h = 14, .ofs_x = 1, .ofs_y = -2},
    {.bitmap_index = 13774, .adv_w = 224, .box_w = 13, .box_h = 14, .ofs_x = 1, .ofs_y = -2},
    {.bitmap_index = 13865, .adv_w = 224, .box_w = 13, .box_h = 14, .ofs_x = 1, .ofs_y = -2},
    {.bitmap_index = 13956, .adv_w = 224, .box_w = 14, .box_h = 13, .ofs_x = 0, .ofs_y = -2},
    {.bitmap_index = 14047, .adv_w = 224, .box_w = 14, .box_h = 13, .ofs_x = 0, .ofs_y = -1},
    {.bitmap_index = 14138, .adv_w = 252, .box_w = 16, .box_h = 13, .ofs_x = 0, .ofs_y = -1},
    {.bitmap_index = 14242, .adv_w = 224, .box_w = 14, .box_h = 15, .ofs_x = 0, .ofs_y = -2},
    {.bitmap_index = 14347, .adv_w = 196, .box_w = 13, .box_h = 4, .ofs_x = 0, .ofs_y = 3},
    {.bitmap_index = 14373, .adv_w = 252, .box_w = 17, .box_h = 15, .ofs_x = -1, .ofs_y = -2},
    {.bitmap_index = 14501, .adv_w = 224, .box_w = 14, .box_h = 15, .ofs_x = 0, .ofs_y = -2},
    {.bitmap_index = 14606, .adv_w = 280, .box_w = 18, .box_h = 13, .ofs_x = 0, .ofs_y = -1},
    {.bitmap_index = 14723, .adv_w = 238, .box_w = 16, .box_h = 15, .ofs_x = -1, .ofs_y = -2},
    {.bitmap_index = 14843, .adv_w = 168, .box_w = 11, .box_h = 15, .ofs_x = 0, .ofs_y = -2}
};

/*---------------------
 *  CHARACTER MAPPING
 *--------------------*/

static const uint16_t unicode_list_1[] = {
    0x0, 0x2d0b, 0x2dcb, 0x2df3, 0x2e1d, 0x2e4a, 0x2e4b, 0x2e50,
    0x2e56, 0x2f39, 0x2f62, 0x2fa5, 0x3062, 0x3133, 0x3166, 0x319c,
    0x31a5, 0x31bc, 0x3252, 0x325e, 0x3288, 0x329c, 0x32ce, 0x32d3,
    0x3309, 0x330e, 0x3625, 0x3688, 0x382e, 0x38c8, 0x3a4d, 0x3a54,
    0x3a55, 0x3a9b, 0x3cef, 0x3d24, 0x3d35, 0x3da3, 0x3db4, 0x3e0c,
    0x3e52, 0x3e82, 0x3ea7, 0x3ed4, 0x3efe, 0x3f38, 0x410d, 0x41a2,
    0x41e6, 0x41ff, 0x42a2, 0x42a4, 0x42cf, 0x4433, 0x4442, 0x4484,
    0x44ad, 0x44b6, 0x44dd, 0x44f3, 0x457f, 0x45fd, 0x4627, 0x4637,
    0x467e, 0x4704, 0x487f, 0x491e, 0x4a1d, 0x4a1e, 0x4a60, 0x4a62,
    0x4bdf, 0x4be5, 0x4c3e, 0x4c48, 0x4c85, 0x4d02, 0x4d26, 0x5144,
    0x5176, 0x51b3, 0x5284, 0x52ac, 0x5432, 0x56ea, 0x58b8, 0x5977,
    0x5a29, 0x5a46, 0x5b78, 0x5bf8, 0x5dbc, 0x5ddc, 0x617f, 0x61ac,
    0x68c5, 0x6a63, 0x6aad, 0x6ad2, 0x6c22, 0x6c88, 0x6cec, 0x6e7a,
    0x6ec4, 0x6efe, 0x6f06, 0x6f0c, 0x73ff, 0x74ef, 0x7561, 0x7599,
    0x796e, 0x79d5, 0xcf12, 0xcf1e, 0xcf65, 0xcf6e, 0xcf90, 0xd0e8,
    0xd0fd, 0xd6bf
};

/*Collect the unicode lists and glyph_id offsets*/
static const lv_font_fmt_txt_cmap_t cmaps[] =
{
    {
        .range_start = 32, .range_length = 95, .glyph_id_start = 1,
        .unicode_list = NULL, .glyph_id_ofs_list = NULL, .list_length = 0, .type = LV_FONT_FMT_TXT_CMAP_FORMAT0_TINY
    },
    {
        .range_start = 8451, .range_length = 54976, .glyph_id_start = 96,
        .unicode_list = unicode_list_1, .glyph_id_ofs_list = NULL, .list_length = 122, .type = LV_FONT_FMT_TXT_CMAP_SPARSE_TINY
    }
};

/*-----------------
 *    KERNING
 *----------------*/


/*Map glyph_ids to kern left classes*/
static const uint8_t kern_left_class_mapping[] =
{
    0, 0, 1, 2, 0, 3, 4, 5,
    2, 6, 7, 8, 9, 10, 9, 10,
    11, 12, 0, 13, 14, 15, 16, 17,
    18, 19, 12, 20, 20, 0, 0, 0,
    21, 22, 23, 24, 25, 22, 26, 27,
    28, 29, 29, 30, 31, 32, 29, 29,
    22, 33, 34, 35, 3, 36, 30, 37,
    37, 38, 39, 40, 41, 42, 43, 0,
    44, 0, 45, 46, 47, 48, 49, 50,
    51, 45, 52, 52, 53, 48, 45, 45,
    46, 46, 54, 55, 56, 57, 51, 58,
    58, 59, 58, 60, 41, 0, 0, 9,
    0, 0, 0, 0, 0, 0, 0, 0,
    0, 0, 0, 0, 0, 0, 0, 0,
    0, 0, 0, 0, 0, 0, 0, 0,
    0, 0, 0, 0, 0, 0, 0, 0,
    0, 0, 0, 0, 0, 0, 0, 0,
    0, 0, 0, 0, 0, 0, 0, 0,
    0, 0, 0, 0, 0, 0, 0, 0,
    0, 0, 0, 0, 0, 0, 0, 0,
    0, 0, 0, 0, 0, 0, 0, 0,
    0, 0, 0, 0, 0, 0, 0, 0,
    0, 0, 0, 0, 0, 0, 0, 0,
    0, 0, 0, 0, 0, 0, 0, 0,
    0, 0, 0, 0, 0, 0, 0, 0,
    0, 0, 0, 0, 0, 0, 0, 0,
    0, 0, 0, 0, 0, 0, 0, 0,
    0, 0
};

/*Map glyph_ids to kern right classes*/
static const uint8_t kern_right_class_mapping[] =
{
    0, 0, 1, 2, 0, 3, 4, 5,
    2, 6, 7, 8, 9, 10, 9, 10,
    11, 12, 13, 14, 15, 16, 17, 12,
    18, 19, 20, 21, 21, 0, 0, 0,
    22, 23, 24, 25, 23, 25, 25, 25,
    23, 25, 25, 26, 25, 25, 25, 25,
    23, 25, 23, 25, 3, 27, 28, 29,
    29, 30, 31, 32, 33, 34, 35, 0,
    36, 0, 37, 38, 39, 39, 39, 0,
    39, 38, 40, 41, 38, 38, 42, 42,
    39, 42, 39, 42, 43, 44, 45, 46,
    46, 47, 46, 48, 0, 0, 35, 9,
    0, 0, 0, 0, 0, 0, 0, 0,
    0, 0, 0, 0, 0, 0, 0, 0,
    0, 0, 0, 0, 0, 0, 0, 0,
    0, 0, 0, 0, 0, 0, 0, 0,
    0, 0, 0, 0, 0, 0, 0, 0,
    0, 0, 0, 0, 0, 0, 0, 0,
    0, 0, 0, 0, 0, 0, 0, 0,
    0, 0, 0, 0, 0, 0, 0, 0,
    0, 0, 0, 0, 0, 0, 0, 0,
    0, 0, 0, 0, 0, 0, 0, 0,
    0, 0, 0, 0, 0, 0, 0, 0,
    0, 0, 0, 0, 0, 0, 0, 0,
    0, 0, 0, 0, 0, 0, 0, 0,
    0, 0, 0, 0, 0, 0, 0, 0,
    0, 0, 0, 0, 0, 0, 0, 0,
    0, 0
};

/*Kern values between classes*/
static const int8_t kern_class_values[] =
{
    0, 1, 0, 0, 0, 0, 0, 0,
    0, 1, 0, 0, 2, 0, 0, 0,
    0, 2, 0, 0, 0, 0, 0, 0,
    0, 0, 0, 0, 0, 0, 0, 0,
    0, 0, 1, 0, 0, 0, 0, 0,
    0, 0, 0, 0, 0, 0, 0, 0,
    1, 10, 0, 6, -5, 0, 0, 0,
    0, -12, -13, 2, 11, 5, 4, -9,
    2, 11, 1, 9, 2, 7, 0, 0,
    0, 0, 0, 0, 0, 0, 0, 0,
    0, 13, 2, -2, 0, 0, 0, 0,
    0, 0, 0, 0, 0, 0, 0, 0,
    0, -7, 0, 0, 0, 0, 0, -4,
    4, 4, 0, 0, -2, 0, -2, 2,
    0, -2, 0, -2, -1, -4, 0, 0,
    0, 0, -2, 0, 0, -3, -3, 0,
    0, -2, 0, -4, 0, 0, 0, 0,
    0, 0, 0, 0, 0, -2, -2, 0,
    0, -6, 0, -27, 0, 0, -4, 0,
    4, 7, 0, 0, -4, 2, 2, 7,
    4, -4, 4, 0, 0, -13, 0, 0,
    0, 0, 0, 0, 0, 0, 0, 0,
    0, -8, 0, 0, 0, 0, 0, 0,
    0, 0, 0, 0, 0, 0, 0, 0,
    -3, -11, 0, -9, -2, 0, 0, 0,
    0, 0, 9, 0, -7, -2, -1, 1,
    0, -4, 0, 0, -2, -17, 0, 0,
    0, 0, 0, 0, 0, 0, 0, 0,
    0, -18, -2, 9, 0, 0, 0, 0,
    0, 0, 0, 0, 0, 0, 0, 0,
    0, 0, 0, 0, 0, 0, 0, 0,
    0, 0, 7, 0, 2, 0, 0, -4,
    0, 0, 0, 0, 0, 0, 0, 0,
    0, 0, 0, 0, 0, 0, 0, 0,
    0, 9, 2, 1, 0, 0, 0, 0,
    0, 0, 0, 0, 0, 0, 0, 0,
    0, 0, 0, 0, 0, 0, 0, 0,
    0, 0, 0, 0, 0, 0, 0, 0,
    0, 0, 0, 0, 0, 0, 0, 0,
    0, 0, -8, 0, 0, 0, 0, 0,
    0, 0, 0, 0, 0, 0, 0, 0,
    0, 0, 0, 0, 0, 0, 0, 0,
    2, 4, 2, 7, -2, 0, 0, 4,
    -2, -7, -31, 2, 6, 4, 0, -3,
    0, 8, 0, 7, 0, 7, 0, -21,
    0, -3, 7, 0, 7, -2, 4, 2,
    0, 0, 1, -2, 0, 0, -4, 18,
    0, 18, 0, 7, 0, 9, 3, 4,
    0, 0, 0, -8, 0, 0, 0, 0,
    1, -2, 0, 2, -4, -3, -4, 2,
    0, -2, 0, 0, 0, -9, 0, 0,
    0, 0, 0, 0, 0, 0, 0, 0,
    0, -15, 0, 0, 0, 0, 0, 0,
    0, 0, 0, 0, 0, 0, 0, 0,
    1, -12, 0, -14, 0, 0, 0, 0,
    -2, 0, 22, -3, -3, 2, 2, -2,
    0, -3, 2, 0, 0, -12, 0, 0,
    0, 0, 0, 0, 0, 0, 0, 0,
    0, -22, 0, 2, 0, 0, 0, 0,
    0, 0, 0, 0, 0, 0, 0, 0,
    0, 13, 0, 0, -8, 0, 7, 0,
    -15, -22, -15, -4, 7, 0, 0, -15,
    0, 3, -5, 0, -3, 0, 0, 0,
    0, 0, 0, 0, 0, 0, 0, 0,
    0, 6, 7, -27, 0, 0, 0, 0,
    0, 0, 0, 0, 0, 0, 0, 0,
    0, 2, 0, 0, 0, 0, 0, 2,
    2, -3, -4, 0, -1, -1, -2, 0,
    0, -2, 0, 0, 0, -4, 0, -2,
    0, -5, -4, 0, -6, -7, -7, -4,
    0, -4, 0, -4, 0, 0, 0, 0,
    -2, 0, 0, 2, 0, 2, -2, 0,
    0, 0, 0, 2, -2, 0, 0, 0,
    -2, 2, 2, -1, 0, 0, 0, -4,
    0, -1, 0, 0, 0, 0, 0, 1,
    0, 3, -2, 0, -3, 0, -4, 0,
    0, -2, 0, 7, 0, 0, -2, 0,
    0, 0, 0, 0, -1, 1, -2, -2,
    0, -2, 0, -2, 0, 0, 0, 0,
    0, 0, 0, 0, 0, -1, -1, 0,
    -2, -3, 0, 0, 0, 0, 0, 1,
    0, 0, -2, 0, -2, -2, -2, 0,
    0, 0, 0, 0, 0, 0, 0, 0,
    -1, 0, 0, 0, 0, -2, -3, 0,
    0, -7, -2, -7, 4, 0, 0, -4,
    2, 4, 6, 0, -6, -1, -3, 0,
    -1, -11, 2, -2, 2, -12, 2, 0,
    0, 1, -12, 0, -12, -2, -19, -2,
    0, -11, 0, 4, 6, 0, 3, 0,
    0, 0, 0, 0, 0, -4, -3, 0,
    0, 0, 0, -2, 0, 0, 0, -2,
    0, 0, 0, 0, 0, -1, -1, 0,
    -1, -3, 0, 0, 0, 0, 0, 0,
    0, -2, -2, 0, -2, -3, -2, 0,
    0, -2, 0, 0, 0, 0, 0, 0,
    0, 0, 0, 0, 0, -2, -2, 0,
    0, -2, 0, -4, 2, 0, 0, -3,
    1, 2, 2, 0, 0, 0, 0, 0,
    0, -2, 0, 0, 0, 0, 0, 2,
    0, 0, -2, 0, -2, -2, -3, 0,
    0, 0, 0, 0, 0, 0, 2, 0,
    -2, 0, 0, 0, 0, -2, -3, 0,
    0, 7, -2, 1, -7, 0, 0, 6,
    -11, -12, -9, -4, 2, 0, -2, -15,
    -4, 0, -4, 0, -4, 3, -4, -14,
    0, -6, 0, 0, 1, -1, 2, -2,
    0, 2, 0, -7, -9, 0, -11, -5,
    -5, -5, -7, -3, -6, 0, -4, -6,
    0, 1, 0, -2, 0, 0, 0, 2,
    0, 2, 0, 0, 0, 0, 0, 0,
    0, 0, 0, 0, 0, -2, 0, -1,
    0, -1, -2, 0, -4, -5, -5, -1,
    0, -7, 0, 0, 0, 0, 0, 0,
    -2, 0, 0, 0, 0, 1, -1, 0,
    0, 2, 0, 0, 0, 0, 0, 0,
    0, 0, 11, 0, 0, 0, 0, 0,
    0, 2, 0, 0, 0, -2, 0, 0,
    0, 0, 0, 0, 0, 0, 0, 0,
    0, -4, 0, 2, 0, 0, 0, 0,
    0, 0, 0, 0, 0, 0, 0, 0,
    -2, 0, 0, 0, -4, 0, 0, 0,
    0, -11, -7, 0, 0, 0, -3, -11,
    0, 0, -2, 2, 0, -6, 0, 0,
    0, 0, 0, 0, 0, 0, 0, 0,
    -4, 0, 0, -4, 0, 0, 0, 0,
    0, 0, 0, 0, 0, 0, 0, 0,
    0, -4, 0, 0, 0, 0, 3, 0,
    2, -4, -4, 0, -2, -2, -3, 0,
    0, 0, 0, 0, 0, -7, 0, -2,
    0, -3, -2, 0, -5, -6, -7, -2,
    0, -4, 0, -7, 0, 0, 0, 0,
    18, 0, 0, 1, 0, 0, -3, 0,
    0, -10, 0, 0, 0, 0, 0, -21,
    -4, 7, 7, -2, -9, 0, 2, -3,
    0, -11, -1, -3, 2, -16, -2, 3,
    0, 3, -8, -3, -8, -7, -9, 0,
    0, -13, 0, 13, 0, 0, -1, 0,
    0, 0, -1, -1, -2, -6, -7, 0,
    0, 0, 0, 0, 0, 0, 0, 0,
    0, 1, 0, 0, 0, 0, 0, 0,
    0, 0, 0, 0, 0, 0, 0, 0,
    0, 0, -2, 0, -1, -2, -3, 0,
    0, -4, 0, -2, 0, 0, 0, 0,
    0, 0, 0, 0, 0, 0, 0, 0,
    0, 0, -1, 0, -4, 0, 0, 4,
    -1, 3, 0, -5, 2, -2, -1, -6,
    -2, 0, -3, -2, -2, 0, -3, -4,
    0, 0, -2, -1, -2, -4, -3, 0,
    0, -2, 0, 2, -2, 0, -5, 0,
    0, 0, -4, 0, -4, 0, -4, -4,
    0, 0, 0, 0, 0, 0, 0, 0,
    -4, 2, 0, -3, 0, -2, -3, -7,
    -2, -2, -2, -1, -2, -3, -1, 0,
    0, 0, 0, 0, -2, -2, -2, 0,
    0, 0, 0, 3, -2, 0, -2, 0,
    0, 0, -2, -3, -2, -2, -3, -2,
    2, 9, -1, 0, -6, 0, -2, 4,
    0, -2, -9, -3, 3, 0, 0, -11,
    -4, 2, -4, 2, 0, -2, -2, -7,
    0, -3, 1, 0, 0, -4, 0, 0,
    0, 2, 2, -4, -4, 0, -4, -2,
    -3, -2, -2, 0, -4, 1, -4, -4,
    0, 0, 0, 0, 0, 0, 0, 0,
    0, 2, 0, 0, 0, 0, 0, 0,
    0, 0, 0, 0, 0, 0, 0, 0,
    0, 0, 0, 0, 0, 0, 0, 0,
    0, -4, 0, 0, 0, 0, 0, 0,
    0, 0, 0, 0, 0, 0, 0, 0,
    0, 0, 0, 0, 0, 0, 0, 0,
    0, 0, 0, 0, 0, 0, 0, 0,
    0, 0, 0, 0, 0, 0, 0, 0,
    0, 0, 0, 0, -2, 0, 0, 0,
    0, 0, 0, 0, 0, 0, 0, 0,
    0, 0, 0, 0, 0, 0, 0, 0,
    0, 0, 0, 0, 0, 0, 0, 0,
    0, -2, -2, 0, 0, 0, 0, 0,
    0, 0, 0, 0, 0, 0, 0, -3,
    0, 0, -3, 0, 0, -2, -2, 0,
    0, 0, 0, -2, 0, 0, 0, 0,
    -1, 0, 0, 0, 0, 0, -2, 0,
    0, 0, -3, 0, -4, 0, 0, 0,
    -7, 0, 2, -5, 4, 0, -2, -11,
    0, 0, -5, -2, 0, -9, -6, -6,
    0, 0, -10, -2, -9, -9, -11, 0,
    -6, 0, 2, 15, -3, 0, -5, -2,
    -1, -2, -4, -6, -4, -8, -9, -5,
    0, 0, -2, 0, 1, 0, 0, -16,
    -2, 7, 5, -5, -8, 0, 1, -7,
    0, -11, -2, -2, 4, -21, -3, 1,
    0, 0, -15, -3, -12, -2, -16, 0,
    0, -16, 0, 13, 1, 0, -2, 0,
    0, 0, 0, -1, -2, -9, -2, 0,
    0, 0, 0, 0, -7, 0, -2, 0,
    -1, -6, -11, 0, 0, -1, -3, -7,
    -2, 0, -2, 0, 0, 0, 0, -10,
    -2, -7, -7, -2, -4, -6, -2, -4,
    0, -4, -2, -7, -3, 0, -3, -4,
    -2, -4, 0, 1, 0, -2, -7, 0,
    0, -4, 0, 0, 0, 0, 3, 0,
    2, -4, 9, 0, -2, -2, -3, 0,
    0, 0, 0, 0, 0, -7, 0, -2,
    0, -3, -2, 0, -5, -6, -7, -2,
    0, -4, 2, 9, 0, 0, 0, 0,
    18, 0, 0, 1, 0, 0, -3, 0,
    0, 0, 0, 0, 0, 0, 0, 0,
    0, 0, 0, 0, 0, 0, -2, -4,
    0, 0, 0, 0, 0, -1, 0, 0,
    0, -2, -2, 0, 0, -4, -2, 0,
    0, -4, 0, 4, -1, 0, 0, 0,
    0, 0, 0, 1, 0, 0, 0, 0,
    4, 2, -2, 0, -7, -4, 0, 7,
    -7, -7, -4, -4, 9, 4, 2, -19,
    -2, 4, -2, 0, -2, 2, -2, -8,
    0, -2, 2, -3, -2, -7, -2, 0,
    0, 7, 4, 0, -6, 0, -12, -3,
    6, -3, -9, 1, -3, -7, -7, -2,
    2, 0, -3, 0, -6, 0, 2, 7,
    -5, -8, -9, -6, 7, 0, 1, -16,
    -2, 2, -4, -2, -5, 0, -5, -8,
    -3, -3, -2, 0, 0, -5, -5, -2,
    0, 7, 5, -2, -12, 0, -12, -3,
    0, -8, -13, -1, -7, -4, -7, -6,
    0, 0, -3, 0, -4, -2, 0, -2,
    -4, 0, 4, -7, 2, 0, 0, -12,
    0, -2, -5, -4, -2, -7, -6, -7,
    -5, 0, -7, -2, -5, -4, -7, -2,
    0, 0, 1, 11, -4, 0, -7, -2,
    0, -2, -4, -5, -6, -6, -9, -3,
    4, 0, -3, 0, -11, -3, 1, 4,
    -7, -8, -4, -7, 7, -2, 1, -21,
    -4, 4, -5, -4, -8, 0, -7, -9,
    -3, -2, -2, -2, -5, -7, -1, 0,
    0, 7, 6, -2, -15, 0, -13, -5,
    5, -9, -15, -4, -8, -9, -11, -7,
    0, 0, 0, 0, -3, 0, 0, 2,
    -3, 4, 2, -4, 4, 0, 0, -7,
    -1, 0, -1, 0, 1, 1, -2, 0,
    0, 0, 0, 0, 0, -2, 0, 0,
    0, 0, 2, 7, 0, 0, -3, 0,
    0, 0, 0, -2, -2, -3, 0, 0,
    1, 2, 0, 0, 0, 0, 2, 0,
    -2, 0, 9, 0, 4, 1, 1, -3,
    0, 4, 0, 0, 0, 2, 0, 0,
    0, 0, 0, 0, 0, 0, 0, 0,
    0, 7, 0, 6, 0, 0, 0, 0,
    0, 0, 0, 0, 0, 0, 0, 0,
    0, -13, 0, -2, 4, 0, 7, 0,
    0, 22, 3, -4, -4, 2, 2, -2,
    1, -11, 0, 0, 11, -13, 0, 0,
    0, 0, 0, 0, 0, 0, 0, 0,
    0, -15, 9, 31, 0, 0, 0, 0,
    0, 0, 0, 0, 0, 0, 0, 0,
    0, 0, 0, 0, 0, 0, 0, 0,
    0, 0, 0, 0, 0, 0, 0, 0,
    0, 0, 0, 0, 0, 0, 0, 0,
    0, 0, -4, 0, 0, -4, -2, 0,
    0, 0, 0, 0, 0, 0, 0, 0,
    0, 0, 0, 0, 0, 0, 0, 0,
    0, -2, 0, -6, 0, 0, 1, 0,
    0, 2, 29, -4, -2, 7, 6, -6,
    2, 0, 0, 2, 2, -3, 0, 0,
    0, 0, 0, 0, 0, 0, 0, 0,
    0, -29, 6, 0, 0, 0, 0, 0,
    0, 0, 0, 0, 0, 0, 0, 0,
    0, 0, 0, -6, 0, 0, 0, -6,
    0, 0, 0, 0, -5, -1, 0, 0,
    0, -5, 0, -3, 0, -11, 0, 0,
    0, 0, 0, 0, 0, 0, 0, 0,
    0, -15, 0, 0, 0, 0, 1, 0,
    0, 0, 0, 0, 0, -2, 0, 0,
    0, -3, 0, -6, 0, 0, 0, -4,
    2, -3, 0, 0, -6, -2, -5, 0,
    0, -6, 0, -2, 0, -11, 0, -2,
    0, 0, -18, -4, -9, -2, -8, 0,
    0, -15, 0, -6, -1, 0, 0, 0,
    0, 0, 0, 0, 0, -3, -4, -2,
    0, 0, 0, 0, -5, 0, -5, 3,
    -2, 4, 0, -2, -5, -2, -4, -4,
    0, -3, -1, -2, 2, -6, -1, 0,
    0, 0, -20, -2, -3, 0, -5, 0,
    -2, -11, -2, 0, 0, -2, -2, 0,
    0, 0, 0, 2, 0, -2, -4, -2,
    0, 0, 0, 0, 0, 0, 0, 0,
    0, 0, 0, 0, 0, 0, 0, 0,
    0, 0, 0, 0, 0, 0, 0, 0,
    0, 0, 0, 0, 0, 0, 0, 0,
    0, 0, 0, 0, 0, 0, 0, 0,
    0, 0, 0, 3, 0, 0, 0, 0,
    0, -5, 0, -2, 0, 0, 0, -4,
    2, 0, 0, 0, -6, -2, -4, 0,
    0, -6, 0, -2, 0, -11, 0, 0,
    0, 0, -22, 0, -4, -8, -11, 0,
    0, -15, 0, -2, -3, 0, 0, 0,
    0, 0, 0, 0, 0, -2, -3, -1,
    1, 0, 0, 4, -3, 0, 7, 11,
    -2, -2, -7, 3, 11, 4, 5, -6,
    3, 9, 3, 6, 5, 6, 0, 0,
    0, 0, 0, 0, 0, 0, 0, 0,
    0, 14, 11, -4, -2, 0, -2, 18,
    10, 18, 0, 0, 0, 2, 0, 0,
    0, 0, -4, 0, 0, 0, 0, 0,
    0, 0, 0, 0, -2, 0, 0, 0,
    0, 0, 0, 0, 0, 3, 0, 0,
    0, 0, -19, -3, -2, -9, -11, 0,
    0, -15, 0, 0, 0, 0, 0, 0,
    0, 0, 0, 0, 0, 0, 0, 0,
    0, 0, -4, 0, 0, 0, 0, 0,
    0, 0, 0, 0, -2, 0, 0, 0,
    0, 0, 0, 0, 0, 3, 0, 0,
    0, 0, -19, -3, -2, -9, -11, 0,
    0, -9, 0, 0, 0, 0, 0, 0,
    0, 0, 0, 0, 0, 0, 0, 0,
    0, 0, 0, 0, -2, 0, 0, 0,
    -5, 2, 0, -2, 2, 4, 2, -7,
    0, 0, -2, 2, 0, 2, 0, 0,
    0, 0, -6, 0, -2, -2, -4, 0,
    -2, -9, 0, 14, -2, 0, -5, -2,
    0, -2, -4, 0, -2, -6, -4, -3,
    0, 0, -4, 0, 0, 0, 0, 0,
    0, 0, 0, 0, -2, 0, 0, 0,
    0, 0, 0, 0, 0, 3, 0, 0,
    0, 0, -19, -3, -2, -9, -11, 0,
    0, -15, 0, 0, 0, 0, 0, 0,
    11, 0, 0, 0, 0, 0, 0, 0,
    0, 0, -4, 0, -7, -3, -2, 7,
    -2, -2, -9, 1, -1, 1, -2, -6,
    0, 5, 0, 2, 1, 2, -5, -9,
    -3, 0, -9, -4, -6, -9, -9, 0,
    -4, -4, -3, -3, -2, -2, -3, -2,
    0, -2, -1, 3, 0, 3, -2, 0,
    0, 0, 0, 0, 0, 0, 0, 0,
    0, 0, 0, 0, -2, -2, -2, 0,
    0, -6, 0, -1, 0, -4, 0, 0,
    0, 0, 0, 0, 0, 0, 0, 0,
    0, -13, 0, 0, 0, 0, 0, 0,
    0, 0, 0, 0, 0, -2, -2, 0,
    0, 0, 0, 0, -2, 0, 0, -4,
    -2, 2, 0, -4, -4, -2, 0, -6,
    -2, -5, -2, -3, 0, -4, 0, 0,
    0, 0, 0, 0, 0, 0, 0, 0,
    0, -15, 0, 7, 0, 0, -4, 0,
    0, 0, 0, -3, 0, -2, 0, 0,
    0, 0, -2, 0, -5, 0, 0, 9,
    -3, -7, -7, 2, 2, 2, 0, -6,
    2, 3, 2, 7, 2, 7, -2, -6,
    0, 0, -9, 0, 0, -7, -6, 0,
    0, -4, 0, -3, -4, 0, -3, 0,
    -3, 0, -2, 3, 0, -2, -7, -2,
    0, 0, -2, 0, -4, 0, 0, 3,
    -5, 0, 2, -2, 2, 0, 0, -7,
    0, -2, -1, 0, -2, 2, -2, 0,
    0, 0, -9, -3, -5, 0, -7, 0,
    0, -11, 0, 8, -2, 0, -4, 0,
    1, 0, -2, 0, -2, -7, 0, -2,
    0, 0, 0, 0, -2, 0, 0, 2,
    -3, 1, 0, 0, -3, -2, 0, -3,
    0, 0, 0, 0, 0, 0, 0, 0,
    0, 0, 0, 0, 0, 0, 0, 0,
    0, -14, 0, 5, 0, 0, -2, 0,
    0, 0, 0, 0, 0, -2, -2, 0
};


/*Collect the kern class' data in one place*/
static const lv_font_fmt_txt_kern_classes_t kern_classes =
{
    .class_pair_values   = kern_class_values,
    .left_class_mapping  = kern_left_class_mapping,
    .right_class_mapping = kern_right_class_mapping,
    .left_class_cnt      = 60,
    .right_class_cnt     = 48,
};

/*--------------------
 *  ALL CUSTOM DATA
 *--------------------*/

#if LVGL_VERSION_MAJOR == 8
/*Store all the custom data of the font*/
static  lv_font_fmt_txt_glyph_cache_t cache;
#endif

#if LVGL_VERSION_MAJOR >= 8
static const lv_font_fmt_txt_dsc_t font_dsc = {
#else
static lv_font_fmt_txt_dsc_t font_dsc = {
#endif
    .glyph_bitmap = glyph_bitmap,
    .glyph_dsc = glyph_dsc,
    .cmaps = cmaps,
    .kern_dsc = &kern_classes,
    .kern_scale = 16,
    .cmap_num = 2,
    .bpp = 4,
    .kern_classes = 1,
    .bitmap_format = 0,
#if LVGL_VERSION_MAJOR == 8
    .cache = &cache
#endif
};



/*-----------------
 *  PUBLIC FONT
 *----------------*/

/*Initialize a public general font descriptor*/
#if LVGL_VERSION_MAJOR >= 8
const lv_font_t lv_font_simsun_14_cjk = {
#else
lv_font_t lv_font_simsun_14_cjk = {
#endif
    .get_glyph_dsc = lv_font_get_glyph_dsc_fmt_txt,    /*Function pointer to get glyph's data*/
    .get_glyph_bitmap = lv_font_get_bitmap_fmt_txt,    /*Function pointer to get glyph's bitmap*/
    .line_height = 16,          /*The maximum line height required by the font*/
    .base_line = 3,             /*Baseline measured from the bottom of the line*/
#if !(LVGL_VERSION_MAJOR == 6 && LVGL_VERSION_MINOR == 0)
    .subpx = LV_FONT_SUBPX_NONE,
#endif
#if LV_VERSION_CHECK(7, 4, 0) || LVGL_VERSION_MAJOR >= 8
    .underline_position = -1,
    .underline_thickness = 1,
#endif
    .dsc = &font_dsc,          /*The custom font data. Will be accessed by `get_glyph_bitmap/dsc` */
#if LV_VERSION_CHECK(8, 2, 0) || LVGL_VERSION_MAJOR >= 9
    .fallback = NULL,
#endif
    .user_data = NULL,
};



#endif /*#if LV_FONT_SIMSUN_14_CJK*/

